Start,End,"Fuel-
Cycle","Sample
Point",Power,Power,Temp. Recirc,FW flow,Recirc flow,RWCU A flow,RWCU B flow,"Cond
""CIS""","Cond.
Recirc","Cond.
RWCU Inlet","Cond.
RWCU A","Cond.
RWCU B",H2-feedrate FW,O_rw,Fe_rw,Cr_rw,Cu_rw,Mn_rw,Co_rw,Ni_rw,Zn_rw,SiO2_rw,H3B03_rw,Pt_rw,Na_rw,Fe_fw,Co_fw,Zn_fw,Mn_fw
1/1/2007,1/7/2007,23,,100.0,"3,600",277,"1,986",89,9.8,9.8,0.076,0.074,0.077,0.056,0.057,,215,0.17,2.000,,,0.062,0.095,6.6,75,100,,,0.75,,0.25,
1/8/2007,1/14/2007,23,,100.0,"3,599",277,"1,986",88,9.8,9.8,0.076,0.075,0.077,0.057,0.057,,222,0.19,1.620,,,0.071,0.106,6.9,105,110,,,0.39,,0.24,
1/15/2007,1/21/2007,23,,100.0,"3,600",277,"1,986",88,9.8,9.8,0.077,0.075,0.078,0.057,0.057,,222,0.13,1.780,,,0.064,0.086,6.7,127,190,,,0.34,,0.24,
1/22/2007,1/28/2007,23,,99.2,"3,574",277,"1,970",87,9.7,9.8,0.077,0.076,0.078,0.058,0.058,,218,0.18,1.720,,,0.064,0.097,6.8,143,140,,,0.46,,0.24,
1/29/2007,2/4/2007,23,,100.0,"3,600",277,"1,986",90,9.5,9.6,0.078,0.075,0.078,0.058,0.058,,213,0.19,1.930,,,0.055,0.088,6.7,163,240,,,0.55,,0.25,
2/5/2007,2/11/2007,23,,100.0,"3,599",277,"1,986",89,9.4,9.5,0.079,0.075,0.079,0.057,0.057,,220,0.17,2.050,,,0.056,0.091,7.1,125,225,,,0.52,,0.25,
2/12/2007,2/18/2007,23,,100.0,"3,601",277,"1,986",89,9.6,9.8,0.078,0.073,0.079,0.056,0.056,,213,0.11,1.580,,,0.056,0.098,7.1,35,100,,,0.24,,0.26,
2/19/2007,2/25/2007,23,,100.0,"3,599",277,"1,985",88,9.6,9.8,0.076,0.074,0.077,0.056,0.056,,215,0.20,1.290,,,0.049,0.083,7.0,57,100,,,0.53,,0.25,
2/26/2007,3/4/2007,23,,100.0,"3,600",277,"1,986",88,9.7,9.8,0.076,0.074,0.077,0.057,0.056,,218,0.20,1.500,,,0.062,0.102,6.6,83,100,,,0.65,,0.25,
3/5/2007,3/11/2007,23,,50.1,"1,802",224,972,58,9.4,9.7,0.106,0.131,0.125,0.058,0.058,,193,0.21,1.900,,,0.069,0.100,6.8,97,100,,,0.67,,0.25,
3/12/2007,3/18/2007,23,,97.4,"3,506",276,"1,929",86,9.4,9.7,0.076,0.074,0.077,0.058,0.058,,192,,,,,,,,123,240,,,0.42,,0.25,
3/19/2007,3/25/2007,23,,100.0,"3,599",277,"1,987",89,9.4,9.7,0.078,0.076,0.079,0.059,0.058,,200,0.16,1.480,,,0.075,0.148,6.2,137,260,,,0.33,,0.24,
3/26/2007,4/1/2007,23,,100.0,"3,600",277,"1,987",89,8.3,9.6,0.079,0.077,0.080,0.098,0.057,,220,0.18,1.890,,,0.065,0.137,6.8,117,310,,,0.35,,0.26,
4/2/2007,4/8/2007,23,,100.0,"3,599",277,"1,987",90,9.8,9.7,0.077,0.075,0.078,0.056,0.056,,218,0.16,1.830,,,0.070,0.135,6.6,32,< 100,,,0.47,,0.26,
4/9/2007,4/15/2007,23,,100.0,"3,600",277,"1,987",90,9.8,9.7,0.076,0.074,0.077,0.057,0.057,,218,0.14,2.020,,,0.068,0.129,6.3,55,< 100,,,0.40,,0.25,
4/16/2007,4/22/2007,23,,100.0,"3,599",277,"1,987",91,9.8,9.7,0.077,0.074,0.077,0.057,0.057,,220,0.38,1.480,,,0.061,0.107,6.5,72,125,,,0.46,,0.25,
4/23/2007,4/29/2007,23,,100.0,"3,600",277,"1,987",91,9.8,9.6,0.077,0.074,0.078,0.057,0.057,,218,0.22,1.430,,,0.062,0.108,6.7,88,165,,,0.43,,0.25,
4/30/2007,5/6/2007,23,,100.0,"3,599",277,"1,987",92,9.8,9.6,0.078,0.075,0.078,0.058,0.058,,222,0.39,1.720,,,0.060,0.104,7.0,102,215,,,0.65,,0.25,
5/7/2007,5/13/2007,23,,99.9,"3,597",277,"1,985",93,9.7,9.6,0.087,0.077,0.080,0.058,0.058,,215,0.21,1.960,,,0.058,0.095,7.0,118,270,,,0.50,,0.25,
5/14/2007,5/20/2007,23,,99.9,"3,596",278,"1,985",95,9.7,9.6,0.077,0.074,0.077,0.058,0.058,,225,0.15,1.120,,,0.063,0.095,6.8,130,250,,,0.67,,0.24,
5/21/2007,5/27/2007,23,,98.7,"3,553",277,"1,958",94,9.8,9.6,0.079,0.076,0.079,0.058,0.059,,227,0.32,1.370,,,0.064,0.104,6.9,158,285,,,0.54,,0.25,
5/28/2007,6/3/2007,23,,99.2,"3,572",278,"1,970",95,9.7,9.5,0.078,0.075,0.078,0.056,0.056,,230,0.38,1.820,,,0.066,0.103,7.0,95,130,,,0.81,,0.25,
6/4/2007,6/10/2007,23,,99.0,"3,565",277,"1,965",92,9.7,9.5,0.077,0.074,0.077,0.056,0.056,,225,0.27,1.570,,,0.057,0.105,6.4,42,< 100,,,0.72,,0.26,
6/11/2007,6/17/2007,23,,99.3,"3,573",278,"1,970",95,9.5,9.4,0.133,0.081,0.084,0.057,0.057,,226,0.23,1.230,,,0.061,0.115,6.6,60,< 100,,,0.59,,0.27,
6/18/2007,6/24/2007,23,,98.2,"3,534",277,"1,946",94,9.6,9.5,0.078,0.074,0.078,0.057,0.057,,228,0.37,1.600,,,0.070,0.101,6.5,83,150,,,0.66,,0.27,
6/25/2007,7/1/2007,23,,99.8,"3,594",277,"1,983",91,9.7,9.5,0.087,0.076,0.079,0.058,0.057,,223,,1.440,,,0.060,0.110,6.6,90,170,,,0.85,,0.27,
7/2/2007,7/8/2007,23,,100.0,"3,598",278,"1,986",95,9.8,9.6,0.078,0.075,0.079,0.058,0.057,,228,0.38,1.620,,,0.071,0.109,6.6,108,230,,,0.66,,0.27,
7/9/2007,7/15/2007,23,,98.4,"3,542",278,"1,951",97,9.7,9.5,0.079,0.076,0.079,0.059,0.057,,230,0.18,1.400,,,0.060,0.098,7.1,125,225,,,0.64,,0.25,
7/16/2007,7/22/2007,23,,96.5,"3,472",277,"1,907",96,9.7,9.5,0.079,0.079,0.081,0.060,0.058,,228,0.12,1.200,,,0.063,0.106,7.3,145,290,,,0.47,,0.27,
7/23/2007,7/29/2007,23,,95.6,"3,441",278,"1,888",99,9.9,9.7,0.081,0.078,0.081,0.061,0.058,,228,0.14,1.330,,,0.059,0.103,7.8,160,260,,,0.56,,0.26,
7/30/2007,8/5/2007,23,,60.4,"2,176",247,"1,177",72,9.6,9.4,0.081,0.119,0.104,0.059,0.057,,228,0.17,1.550,,,0.061,0.091,7.6,168,,,,0.58,,0.24,
8/6/2007,8/12/2007,shutdown,,0.0,1,35,50,31,1.5,1.2,0.668,0.589,0.368,0.248,0.294,,1000,,,,,,,,<3.2E+01,,,,,,,
8/13/2007,8/19/2007,shutdown,,2.4,12,40,49,31,0.0,-0.4,0.967,0.658,0.513,0.563,0.671,,,,,,,,,,50,,,,,,,
8/20/2007,8/26/2007,24,,55.2,"1,984",239,"1,067",60,8.4,8.2,0.282,0.201,0.179,0.107,0.130,,,,,,,,,,56,,,,,,,
8/27/2007,9/2/2007,24,,99.5,"3,581",277,"1,975",93,9.5,9.5,0.079,0.076,0.079,0.058,0.059,,217,0.19,0.690,,,0.061,0.092,5.6,64,< 100,,,0.26,,0.25,
9/3/2007,9/9/2007,24,,100.0,"3,600",277,"1,987",92,9.5,9.4,0.077,0.077,0.082,0.060,0.060,,216,0.08,0.540,,,0.057,0.125,5.7,78,330,,,0.22,,0.24,
9/10/2007,9/16/2007,24,,100.0,"3,600",277,"1,987",93,9.6,9.6,0.076,0.074,0.075,0.060,0.060,,218,0.13,0.400,,,0.070,0.129,6.2,100,350,,,0.28,,0.26,
9/17/2007,9/23/2007,24,,100.0,"3,600",277,"1,987",93,9.7,9.7,0.075,0.074,0.075,0.061,0.061,,218,0.12,0.480,,,0.055,0.109,6.4,112,365,,,0.48,,0.26,
9/24/2007,9/30/2007,24,,100.0,"3,599",277,"1,986",93,9.7,9.7,0.076,0.075,0.076,0.061,0.061,,220,0.14,0.580,,,0.070,0.141,6.7,123,525,,,0.53,,0.25,
10/1/2007,10/7/2007,24,,100.0,"3,600",277,"1,987",93,9.7,9.5,0.076,0.076,0.077,0.058,0.058,,222,0.10,0.640,,,0.061,0.139,7.0,103,360,,,0.38,,0.24,
10/8/2007,10/14/2007,24,,100.0,"3,600",277,"1,986",93,9.8,9.6,0.076,0.075,0.076,0.057,0.057,,220,0.06,0.550,,,0.080,0.135,6.7,33,195,,,0.21,,0.24,
10/15/2007,10/21/2007,24,,100.0,"3,600",277,"1,986",92,9.8,9.6,0.076,0.076,0.076,0.057,0.058,,220,0.08,0.510,,,0.078,0.142,6.7,48,310,,,0.32,,0.25,
10/22/2007,10/28/2007,24,,100.0,"3,600",277,"1,986",92,9.8,9.6,0.076,0.075,0.076,0.058,0.058,,222,0.12,0.740,,,0.078,0.138,6.8,62,330,,,0.41,,0.24,
10/29/2007,11/4/2007,24,,99.3,"3,576",277,"1,972",91,9.8,9.6,0.077,0.076,0.077,0.058,0.058,,220,0.10,0.750,,,0.073,0.128,7.0,73,320,,,0.30,,0.23,
11/5/2007,11/11/2007,24,,100.0,"3,600",277,"1,986",92,9.8,9.6,0.076,0.076,0.077,0.058,0.058,,222,0.10,0.860,,,0.081,0.139,7.1,85,300,,,0.38,,0.24,
11/12/2007,11/18/2007,24,,100.0,"3,599",277,"1,985",92,9.8,9.6,0.076,0.076,0.077,0.059,0.059,,222,0.18,0.950,,,0.073,0.123,6.9,93,380,,,0.55,,0.23,
11/19/2007,11/25/2007,24,,100.0,"3,600",277,"1,986",91,9.8,9.6,0.076,0.076,0.077,0.059,0.059,,220,0.17,1.240,,,0.081,0.127,6.8,105,350,,,0.45,,0.23,
11/26/2007,12/2/2007,24,,100.0,"3,599",277,"1,985",91,9.8,9.6,0.076,0.076,0.077,0.060,0.059,,223,0.20,1.240,,,0.059,0.104,7.0,120,400,,,0.67,,0.23,
12/3/2007,12/9/2007,24,,100.0,"3,600",277,"1,986",91,9.7,9.6,0.076,0.075,0.076,0.057,0.057,,223,0.27,1.220,,,0.073,0.086,6.9,53,< 100,,,0.60,,0.24,
12/10/2007,12/16/2007,24,,100.0,"3,600",277,"1,985",91,9.8,9.7,0.074,0.074,0.075,0.056,0.057,,220,0.04,0.950,,,0.075,0.122,6.0,28,130,,,0.64,,0.23,
12/17/2007,12/23/2007,24,,100.0,"3,600",277,"1,986",91,9.8,9.7,0.075,0.074,0.075,0.057,0.057,,220,0.17,1.000,,,0.060,0.112,6.5,45,190,,,0.36,,0.24,
12/24/2007,12/30/2007,24,,100.0,"3,599",277,"1,985",90,9.8,9.7,0.075,0.075,0.075,0.057,0.057,,223,,,,,,,,60,150,,,,,,
12/31/2007,1/6/2008,24,,100.0,"3,600",277,"1,986",90,9.8,9.7,0.075,0.075,0.076,0.058,0.058,,225,,,,,,,,73,195,,,,,,
1/7/2008,1/13/2008,24,,100.0,"3,600",277,"1,985",90,9.8,9.7,0.074,0.074,0.075,0.058,0.058,,218,0.21,1.030,,,0.078,0.121,6.8,88,215,,,0.48,,0.24,
1/14/2008,1/20/2008,24,,100.0,"3,600",277,"1,986",89,9.8,9.7,0.074,0.074,0.075,0.058,0.058,,220,0.24,1.150,,,0.080,0.116,6.6,102,260,,,0.68,,0.24,
1/21/2008,1/27/2008,24,,99.3,"3,574",277,"1,969",88,9.8,9.7,0.075,0.076,0.077,0.059,0.059,,220,0.18,,,,,,6.6,110,320,,,0.58,,0.23,
1/28/2008,2/3/2008,24,,100.0,"3,600",277,"1,986",88,9.7,9.6,0.076,0.076,0.077,0.059,0.059,,222,,,,,,,6.7,120,400,,,,,0.21,
2/4/2008,2/10/2008,24,,100.0,"3,600",277,"1,985",88,9.7,9.6,0.075,0.076,0.076,0.059,0.059,,220,0.10,1.300,,,0.031,0.056,6.6,143,463,,,,,0.23,
2/11/2008,2/17/2008,24,,100.0,"3,600",277,"1,985",88,9.7,9.6,0.076,0.079,0.079,0.057,0.057,,220,,1.570,,,0.030,0.100,7.0,60,270,,,0.47,,0.25,
2/18/2008,2/24/2008,24,,100.0,"3,599",277,"1,985",87,9.8,9.7,0.076,0.075,0.076,0.057,0.057,,220,0.14,1.710,,,0.030,0.070,6.3,30,138,,,0.56,,0.25,
2/25/2008,3/2/2008,24,,98.6,"3,548",275,"1,934",85,9.9,9.7,0.074,0.076,0.076,0.057,0.057,,220,0.22,1.270,,,0.084,0.131,6.3,47,223,,,0.65,,0.23,
3/3/2008,3/9/2008,24,,99.6,"3,584",276,"1,954",92,9.8,9.7,0.076,0.075,0.076,0.058,0.058,,223,,,,,,,6.4,57,257,,,,,0.23,
3/10/2008,3/16/2008,24,,100.0,"3,600",277,"1,986",89,9.7,9.6,0.076,0.075,0.076,0.058,0.058,,220,0.20,1.190,,,0.071,0.110,6.1,73,305,,,0.39,,0.25,
3/17/2008,3/23/2008,24,,100.0,"3,599",277,"1,985",88,9.7,9.6,0.075,0.076,0.076,0.059,0.059,,220,,,,,,,6.3,87,360,,,,,0.23,
3/24/2008,3/30/2008,24,,100.0,"3,600",277,"1,986",89,9.7,9.6,0.095,0.080,0.080,0.059,0.059,,222,0.50,1.440,,,0.100,0.150,6.8,103,412,,,0.65,,0.23,
3/31/2008,4/6/2008,24,,100.0,"3,599",277,"1,985",89,9.7,9.6,0.076,0.075,0.076,0.059,0.060,,220,,,,,,,6.7,118,480,,,,,0.24,
4/7/2008,4/13/2008,24,,100.0,"3,600",277,"1,986",89,9.8,9.6,0.075,0.075,0.075,0.060,0.060,,220,0.21,1.160,,,0.074,0.108,6.5,128,523,,,0.52,,0.22,
4/14/2008,4/20/2008,24,,100.0,"3,599",277,"1,985",90,9.8,9.7,0.078,0.076,0.079,0.060,0.061,,225,,,,,,,6.8,142,598,,,,,0.22,
4/21/2008,4/27/2008,24,,100.0,"3,600",277,"1,986",90,9.8,9.6,0.077,0.076,0.077,0.061,0.061,,225,0.20,1.130,,,0.032,0.077,6.9,148,623,,,0.44,,0.21,
4/28/2008,5/4/2008,24,,100.0,"3,599",277,"1,986",91,9.7,9.6,0.075,0.074,0.075,0.058,0.058,,223,,,,,,,6.7,70,390,,,,,0.25,
5/5/2008,5/11/2008,24,,100.0,"3,600",277,"1,986",93,9.7,9.6,0.102,0.079,0.080,0.057,0.057,,226,0.10,1.070,,,0.030,0.077,6.7,33,188,,,0.38,,0.23,
5/12/2008,5/18/2008,24,,99.2,"3,573",277,"1,970",91,9.7,9.6,0.074,0.074,0.074,0.058,0.058,,230,0.12,1.380,,,0.029,0.076,6.6,50,255,,,0.60,,0.22,
5/19/2008,5/25/2008,24,,99.7,"3,590",277,"1,980",89,9.5,9.4,0.074,0.074,0.074,0.058,0.058,,225,0.13,1.390,,,0.029,0.064,6.1,62,268,,,0.64,,0.22,
5/26/2008,6/1/2008,24,,98.9,"3,559",277,"1,961",90,9.6,9.5,0.073,0.074,0.074,0.058,0.058,,225,0.19,1.160,,,0.029,0.098,6.2,78,328,,,0.70,,0.22,
6/2/2008,6/8/2008,24,,99.9,"3,595",277,"1,983",94,9.7,9.6,0.074,0.074,0.075,0.059,0.059,,228,0.12,1.360,,,0.030,0.105,6.5,95,390,,,0.45,,0.23,
6/9/2008,6/15/2008,24,,99.4,"3,580",277,"1,974",94,9.7,9.6,0.074,0.075,0.075,0.059,0.059,,230,,,,,,,6.6,113,440,,,,,0.22,
6/16/2008,6/22/2008,24,,98.8,"3,557",277,"1,959",89,9.7,9.6,0.074,0.074,0.075,0.060,0.060,,225,0.19,1.410,,,0.031,0.133,6.6,130,482,,,0.68,,0.21,
6/23/2008,6/29/2008,24,,96.9,"3,490",277,"1,918",88,9.6,9.5,0.106,0.083,0.083,0.060,0.060,,216,,,,,,,6.4,142,505,,,,,0.20,
6/30/2008,7/6/2008,24,,97.9,"3,523",277,"1,938",93,9.6,9.5,0.075,0.075,0.076,0.060,0.060,,225,0.24,1.210,,,0.032,0.080,6.5,153,548,,,0.62,,0.21,
7/7/2008,7/13/2008,24,,98.0,"3,527",278,"1,941",98,9.6,9.5,0.075,0.074,0.075,0.057,0.057,,230,,,,,,,6.3,65,,,,,,0.22,
7/14/2008,7/20/2008,24,,96.2,"3,463",278,"1,901",98,9.7,9.6,0.074,0.073,0.074,0.057,0.057,,225,0.19,1.001,,,0.030,0.076,6.3,33,135,,,0.61,,0.20,
7/21/2008,7/27/2008,24,,94.1,"3,389",278,"1,855",99,9.8,9.7,0.073,0.072,0.074,0.057,0.057,,220,,0.920,,,0.032,0.072,6.4,43,175,,,0.34,,0.21,
7/28/2008,8/3/2008,24,,73.7,"2,654",255,"1,441",85,9.7,9.5,0.074,0.099,0.099,0.057,0.058,,220,0.13,0.840,,,0.033,0.075,6.7,65,225,,,0.33,,0.21,
8/4/2008,8/10/2008,shutdown,,0.0,0,34,5,31,-0.7,-0.7,0.697,0.486,0.689,0.206,0.453,,,,,,,,,,55,,,,,,,
8/11/2008,8/17/2008,shutdown,,0.3,10,29,104,31,-3.2,-3.2,0.987,0.696,0.829,0.508,0.726,,,,,,,,,,52,,,,,,,
8/18/2008,8/24/2008,shutdown,,0.4,19,32,109,31,-0.2,-0.2,0.990,0.780,0.870,0.719,0.887,,,,,,,,,,50,,,,,,,
8/25/2008,8/31/2008,shutdown,,14.8,526,136,324,38,5.2,5.2,0.837,0.734,0.568,0.384,0.281,,,,,,,,,,53,,,,,,,
9/1/2008,9/7/2008,25,,98.4,"3,543",277,"1,951",92,9.5,9.5,0.127,0.108,0.114,0.063,0.064,,210,,,,,,,3.6,69,603,0.002,2.0,,,0.16,
9/8/2008,9/14/2008,25,,100.0,"3,599",278,"1,985",96,9.6,9.6,0.080,0.079,0.081,0.059,0.059,,208,0.32,2.243,,,0.042,0.155,5.8,40,395,< 0.001,,0.47,,0.28,
9/15/2008,9/21/2008,25,,100.0,"3,600",278,"1,985",97,9.5,9.5,0.076,0.074,0.077,0.057,0.057,10.1,140,0.34,1.191,0.099,,0.040,0.095,6.3,15,133,< 0.001,,,,0.30,
9/22/2008,9/28/2008,25,,100.0,"3,599",278,"1,985",96,9.6,9.5,0.074,0.070,0.074,0.057,0.057,24.2,26,0.58,0.410,0.102,,0.048,0.086,5.9,23,170,< 0.001,,0.55,,0.23,
9/29/2008,10/5/2008,25,,100.0,"3,599",278,"1,985",96,9.6,9.5,0.071,0.068,0.072,0.057,0.057,25.0,22,0.36,0.376,0.107,,0.049,0.088,6.0,44,229,< 0.001,,0.68,,0.22,
10/6/2008,10/12/2008,25,,100.0,"3,599",277,"1,985",95,9.8,9.7,0.073,0.070,0.074,0.058,0.058,24.6,21,0.62,0.369,0.104,,0.048,0.098,6.0,66,297,< 0.001,,0.70,,0.25,
10/13/2008,10/19/2008,25,,100.0,"3,600",277,"1,985",94,9.8,9.8,0.074,0.070,0.075,0.059,0.059,24.0,20,0.30,0.328,0.102,,0.043,0.070,6.2,69,372,< 0.001,,0.58,,0.26,
10/20/2008,10/26/2008,25,,100.0,"3,600",277,"1,985",93,9.8,9.7,0.075,0.072,0.080,0.059,0.059,23.3,21,0.18,0.310,0.090,,0.043,0.066,6.4,90,448,< 0.001,,0.37,,0.26,
10/27/2008,11/2/2008,25,,100.0,"3,600",277,"1,985",93,9.7,9.7,0.080,0.075,0.079,0.058,0.059,10.2,95,0.16,1.190,0.094,,0.038,0.058,6.4,77,400,< 0.001,,0.27,,0.27,
11/3/2008,11/9/2008,25,,100.0,"3,600",277,"1,985",92,9.7,9.7,0.076,0.074,0.077,0.057,0.057,9.5,116,0.18,1.372,0.096,,0.056,0.120,6.3,16,131,< 0.001,,0.53,,0.28,
11/10/2008,11/16/2008,25,,100.0,"3,600",277,"1,985",91,9.7,9.7,0.076,0.073,0.076,0.057,0.057,10.4,116,0.13,1.210,0.130,,0.047,0.075,6.3,42,177,< 0.001,,0.66,,0.26,
11/17/2008,11/23/2008,25,,99.3,"3,575",277,"1,969",89,9.7,9.7,0.075,0.073,0.079,0.057,0.057,14.2,52,0.13,0.687,0.100,,0.061,0.125,6.7,49,140,< 0.001,,0.75,,0.27,
11/24/2008,11/30/2008,25,TV71,100.0,"3,600",277,"1,985",90,9.6,9.6,0.175,0.173,,0.056,0.056,20.0,2,7.09,0.048,0.336,,0.150,0.122,6.2,22,< 100,0.080,8.5,0.58,,0.27,
12/1/2008,12/7/2008,25,TV71,100.0,"3,600",277,"1,984",89,9.6,9.6,0.348,0.343,,0.078,0.071,20.0,< 1,22.56,0.025,0.053,,0.125,0.084,5.7,30,123,0.408,10.7,0.70,,0.26,
12/8/2008,12/14/2008,25,TV71,100.0,"3,600",277,"1,985",89,9.5,9.5,0.257,0.255,,0.090,0.076,15.3,< 1,19.46,0.020,0.056,,0.147,0.094,5.5,48,144,0.245,2.4,0.44,,0.27,
12/15/2008,12/21/2008,25,TV71,100.0,"3,600",277,"1,985",88,9.4,9.3,0.230,0.226,,0.063,0.060,15.0,< 1,18.92,0.023,0.078,,0.163,0.095,5.8,22,130,0.074,2.6,,,0.27,
12/22/2008,12/28/2008,25,TV71,100.0,"3,600",277,"1,985",87,9.6,9.5,0.192,0.193,,0.056,0.056,15.0,< 1,16.60,0.035,0.095,,0.131,0.115,5.6,23,< 100,0.143,,0.77,,0.26,
12/29/2008,1/4/2009,25,TV71,99.9,"3,598",276,"1,983",86,9.8,9.5,0.190,0.186,,0.056,0.056,15.0,< 1,,,,,,,,43,,,,,,,
1/5/2009,1/11/2009,25,TV71,100.0,"3,599",277,"1,984",88,9.8,9.5,0.090,0.206,,0.056,0.057,15.0,< 1,23.97,0.025,0.121,,0.144,0.169,6.1,53,135,0.098,,0.66,,0.30,
1/12/2009,1/18/2009,25,TV71,100.0,"3,600",276,"1,985",87,9.9,9.4,0.091,0.184,,0.057,0.057,16.2,< 1,17.90,0.060,0.090,,0.117,0.085,5.5,58,153,0.018,,0.57,,0.31,
1/19/2009,1/25/2009,25,TV71,99.2,"3,572",276,"1,967",87,9.9,9.3,0.090,0.193,,0.057,0.057,17.0,1,16.95,0.080,0.085,,0.118,0.179,5.6,65,180,0.020,,0.81,,0.31,
1/26/2009,2/1/2009,25,TV71,100.0,"3,600",277,"1,985",88,9.9,9.2,0.098,0.184,,0.058,0.059,17.4,< 1,15.60,0.020,0.090,,0.108,0.090,6.1,72,250,0.021,,0.49,,0.31,
2/2/2009,2/8/2009,25,TV71,100.0,"3,599",276,"1,984",87,9.8,9.0,0.090,0.180,,0.060,0.059,17.5,< 1,15.35,0.010,0.070,,0.097,0.150,6.1,92,270,0.017,,0.49,,0.33,
2/9/2009,2/15/2009,25,TV71,100.0,"3,600",276,"1,984",87,10.1,9.2,0.088,0.189,,0.062,0.060,18.0,< 1,16.15,0.015,0.070,,0.100,0.180,5.9,104,305,0.016,,0.69,,0.29,
2/16/2009,2/22/2009,25,TV71,100.0,"3,599",276,"1,984",87,10.0,9.3,0.088,0.179,,0.064,0.062,18.5,< 1,15.75,0.030,0.055,,0.095,0.245,5.8,107,308,0.009,,0.66,,0.31,
2/23/2009,3/1/2009,25,TV71,100.0,"3,600",276,"1,985",86,9.9,9.2,0.088,0.180,,0.067,0.064,18.5,< 1,14.70,0.030,0.115,,0.092,0.230,6.0,120,355,0.007,,0.65,,0.32,
3/2/2009,3/8/2009,25,TV71,100.0,"3,599",276,"1,984",86,9.7,9.5,0.087,0.163,,0.059,0.058,18.5,< 1,14.80,0.030,0.125,,0.081,0.200,6.2,63,243,0.003,,0.51,,0.33,
3/9/2009,3/15/2009,25,TV71,100.0,"3,600",276,"1,985",87,9.7,9.6,0.083,0.165,,0.059,0.056,18.5,< 1,15.35,,0.115,,0.079,0.220,5.7,43,148,0.006,,0.48,,0.34,
3/16/2009,3/22/2009,25,TV71,100.0,"3,599",276,"1,984",86,9.7,9.6,0.083,0.156,,0.060,0.057,18.5,< 1,15.05,0.020,0.105,,0.073,0.180,5.8,60,185,0.002,,0.42,,0.32,
3/23/2009,3/29/2009,25,TV71,100.0,"3,600",276,"1,985",86,9.7,9.7,0.081,0.174,0.097,0.061,0.057,18.5,< 1,16.60,,0.100,,0.069,0.305,5.7,73,210,0.005,,0.54,,0.34,
3/30/2009,4/5/2009,25,,100.0,"3,599",277,"1,985",88,9.7,9.6,0.083,0.175,0.082,0.062,0.058,18.5,< 1,,,,,,,5.8,80,225,0.002,,0.65,,0.32,
4/6/2009,4/12/2009,25,,100.0,"3,600",277,"1,985",88,9.7,9.6,0.083,0.161,0.083,0.064,0.059,18.5,2,2.40,0.020,0.055,,0.020,0.080,6.1,92,263,0.005,,0.48,,0.32,
4/13/2009,4/19/2009,25,,100.0,"3,599",277,"1,985",88,9.7,9.6,0.082,0.164,0.082,0.065,0.059,19.5,1,3.55,0.015,0.070,,0.021,0.100,6.1,105,305,0.005,,0.46,,0.33,
4/20/2009,4/26/2009,25,,100.0,"3,600",277,"1,985",89,9.7,9.6,0.081,0.153,0.081,0.065,0.060,20.0,2,2.35,0.030,0.065,,0.020,0.110,6.2,117,353,0.004,,0.48,,0.32,
4/27/2009,5/3/2009,25,,100.0,"3,599",277,"1,985",90,9.6,9.6,0.081,0.149,0.081,0.067,0.061,20.0,1,2.35,0.040,0.060,,0.020,0.100,6.2,125,370,0.006,,0.47,,0.32,
5/4/2009,5/10/2009,25,,100.0,"3,600",277,"1,985",91,9.6,9.3,0.080,0.154,0.080,0.058,0.058,20.0,2,2.75,0.010,0.045,,0.019,0.075,6.4,65,260,0.007,,0.34,,0.33,
5/11/2009,5/17/2009,25,,99.2,"3,573",277,"1,968",90,9.7,9.6,0.077,0.148,0.078,0.056,0.056,19.8,2,2.65,0.010,0.050,,0.019,0.085,5.6,32,120,0.004,,0.59,,0.33,
5/18/2009,5/24/2009,25,,99.5,"3,580",277,"1,973",89,9.1,9.1,0.118,0.155,0.119,0.059,0.060,19.9,3,2.00,,0.040,,0.018,0.090,5.6,50,163,0.010,,0.61,,0.31,
5/25/2009,5/31/2009,25,,99.5,"3,580",277,"1,973",91,9.7,9.6,0.079,0.155,0.078,0.057,0.058,19.7,1,2.30,,0.024,,0.051,0.133,5.8,57,185,0.005,,0.23,,0.31,
6/1/2009,6/7/2009,25,,100.0,"3,599",277,"1,984",95,9.8,9.7,0.075,0.164,0.075,0.057,0.058,20.0,2,1.00,,0.069,,0.026,0.070,5.6,70,220,0.003,,0.31,,0.32,
6/8/2009,6/14/2009,25,,99.5,"3,583",278,"1,974",97,9.8,9.7,0.073,0.143,0.073,0.058,0.058,19.7,1,1.40,0.010,0.030,,0.020,0.080,5.3,82,253,0.002,,0.69,,0.32,
6/15/2009,6/21/2009,25,,98.3,"3,540",277,"1,948",94,9.7,9.6,0.073,0.143,0.075,0.058,0.058,19.7,1,1.80,0.020,0.060,,0.021,0.090,5.5,93,278,0.002,,0.75,,0.32,
6/22/2009,6/28/2009,25,,99.9,"3,596",277,"1,982",91,9.5,9.4,0.074,0.141,0.074,0.058,0.059,20.0,0,1.30,0.030,0.060,,0.019,0.080,5.4,95,305,0.004,,0.59,,0.32,
6/29/2009,7/5/2009,25,,98.3,"3,537",277,"1,946",92,9.6,9.4,0.074,0.140,0.075,0.058,0.057,19.6,1,0.90,0.010,0.050,,0.018,0.070,5.4,58,240,0.004,,0.51,,0.33,
7/6/2009,7/12/2009,25,,99.1,"3,566",278,"1,964",97,9.6,9.5,0.075,0.145,0.075,0.060,0.058,19.9,2,,0.025,0.060,,0.016,0.060,5.3,50,150,0.002,,0.52,,0.33,
7/13/2009,7/19/2009,25,,96.4,"3,471",277,"1,905",97,9.7,9.6,0.076,0.143,0.078,0.063,0.060,19.3,1,1.40,0.010,0.090,,0.013,0.090,5.5,68,168,0.003,,0.33,,0.31,
7/20/2009,7/26/2009,25,,94.6,"3,407",277,"1,865",97,9.7,9.6,0.079,0.134,0.077,0.064,0.061,18.6,2,0.80,,0.070,,0.014,0.140,5.5,83,173,0.004,,0.66,,0.32,
7/27/2009,8/2/2009,25,,93.0,"3,346",277,"1,828",98,9.7,9.6,0.078,0.127,0.077,0.066,0.063,18.1,1,1.00,0.020,0.100,,0.017,0.170,5.7,92,195,0.002,,0.75,,0.32,
8/3/2009,8/9/2009,25,,71.6,"2,581",249,"1,411",84,9.6,9.5,0.116,0.160,0.107,0.061,0.059,8.1,78,1.05,,0.085,,0.016,0.200,6.3,63,150,< 0.001,,0.61,,0.31,
8/10/2009,8/16/2009,shutdown,,0.7,0,32,75,31,1.6,1.2,0.722,10.856,0.523,0.274,0.281,0.0,,,,,,,,,40,,,,,,,
8/17/2009,8/23/2009,shutdown,,0.1,0,34,12,31,-0.1,-0.2,1.017,10.956,0.632,0.596,0.570,0.0,,,,,,,,,63,,,,,,,
8/24/2009,8/30/2009,shutdown,,0.5,15,52,37,32,1.8,1.7,1.037,6.192,0.642,0.642,0.602,0.0,,,,,,,,,65,,,,,,,
8/31/2009,9/6/2009,26,,75.4,"2,713",270,"1,473",71,9.1,9.0,0.164,0.926,0.108,0.061,0.060,12.4,1,,,,,,,3.3,69,303,,9.2,,,0.35,
9/7/2009,9/13/2009,26,,100.0,"3,600",276,"1,986",93,9.7,9.7,0.077,0.503,0.078,0.062,0.063,17.7,1,1.30,,0.180,,0.033,,4.8,73,683,0.004,1.0,,,0.33,
9/14/2009,9/20/2009,26,,100.0,"3,600",276,"1,986",93,9.6,9.5,0.083,0.263,0.084,0.061,0.062,17.9,3,,0.100,0.300,,0.060,,4.4,68,813,0.016,1.5,0.56,,0.34,
9/21/2009,9/27/2009,26,,99.9,"3,596",276,"1,984",93,9.7,9.7,0.084,0.230,0.083,0.061,0.063,18.0,5,,,,,,,4.7,48,660,0.002,,,,,
9/28/2009,10/4/2009,26,,100.0,"3,600",276,"1,986",94,9.7,9.6,0.080,0.190,0.081,0.065,0.066,18.0,1,1.09,,0.270,,0.048,,4.9,65,1070,0.001,,0.73,,,
10/5/2009,10/11/2009,26,,99.3,"3,576",276,"1,971",92,9.6,9.6,0.090,0.171,0.083,0.068,0.070,17.8,1,1.10,,0.100,,0.029,0.150,5.0,85,1380,< 0.001,,0.62,,0.31,
10/12/2009,10/18/2009,26,,100.0,"3,600",276,"1,986",93,9.6,9.6,0.081,0.158,0.083,0.070,0.071,18.0,1,1.20,0.020,0.190,,0.050,0.180,4.9,93,1760,< 0.001,,0.55,,0.31,
10/19/2009,10/25/2009,26,,100.0,"3,600",276,"1,986",93,9.5,9.5,0.077,0.139,0.075,0.060,0.060,18.0,1,0.83,0.020,0.070,,0.015,0.100,5.1,53,1150,< 0.001,,0.47,,0.33,
10/26/2009,11/1/2009,26,,100.0,"3,600",276,"1,985",92,9.6,9.6,0.072,0.132,0.073,0.061,0.061,18.0,1,1.61,,0.099,,0.022,0.114,5.3,33,630,< 0.001,,0.49,,0.33,
11/2/2009,11/8/2009,26,,100.0,"3,599",276,"1,985",92,9.5,9.4,0.075,0.134,0.074,0.057,0.057,18.0,1,0.89,,0.109,,0.025,0.159,5.0,28,495,< 0.001,,0.52,,0.31,
11/9/2009,11/15/2009,26,,100.0,"3,600",276,"1,985",92,9.8,9.7,0.071,0.121,0.072,0.058,0.058,18.0,1,0.62,,0.093,,0.026,,4.9,27,290,< 0.001,,0.44,,0.32,
11/16/2009,11/22/2009,26,,100.0,"3,599",276,"1,985",92,9.5,9.4,0.071,0.124,0.072,0.058,0.058,18.0,1,0.68,,0.084,,0.025,0.106,4.9,37,380,< 0.001,,0.46,,0.32,
11/23/2009,11/29/2009,26,TV71,100.0,"3,600",276,"1,985",91,9.7,9.6,0.185,0.198,0.105,0.063,0.059,18.0,1,15.53,0.055,0.053,,0.043,0.661,4.3,30,172,0.294,7.3,0.34,,0.31,
11/30/2009,12/6/2009,26,TV71,100.0,"3,599",276,"1,985",91,9.6,9.6,0.228,0.214,0.106,0.103,0.085,18.0,1,19.37,0.049,0.043,,0.043,0.664,3.9,28,258,0.589,11.7,0.41,,0.32,
12/7/2009,12/13/2009,26,TV71,100.0,"3,600",276,"1,985",91,9.7,9.6,0.163,0.161,0.106,0.065,0.062,17.9,1,23.70,0.150,0.051,,0.057,0.700,3.7,27,170,0.380,3.5,0.39,,0.32,
12/14/2009,12/20/2009,26,TV71,100.0,"3,599",276,"1,984",91,9.8,9.7,0.162,0.139,0.106,0.057,0.057,18.0,1,15.60,0.050,0.038,,0.048,0.600,3.5,23,162,0.132,,,,0.31,
12/21/2009,12/27/2009,26,TV71,99.2,"3,572",276,"1,967",90,9.7,9.7,0.126,0.118,0.106,0.058,0.057,17.8,1,16.30,0.070,0.032,,0.053,0.600,3.5,28,205,0.100,,0.45,,0.31,
12/28/2009,1/3/2010,26,TV71,100.0,"3,600",276,"1,984",91,9.8,9.7,0.115,0.114,0.106,0.058,0.058,18.0,1,12.70,0.050,0.070,,0.042,0.700,3.7,40,300,0.054,,,,,
1/4/2010,1/10/2010,26,TV71,100.0,"3,600",276,"1,985",91,9.8,9.7,0.130,0.115,0.107,0.059,0.059,18.0,1,17.00,0.015,0.060,,0.041,0.600,3.5,42,390,0.050,,0.41,,0.31,
1/11/2010,1/17/2010,26,TV71,100.0,"3,600",276,"1,985",90,9.8,9.8,0.124,0.125,0.105,0.060,0.059,18.0,1,14.10,,0.020,,0.062,0.600,3.3,52,465,0.033,,0.45,,0.28,
1/18/2010,1/24/2010,26,TV71,99.3,"3,574",276,"1,969",90,9.5,9.5,0.422,0.208,0.120,0.062,0.068,17.8,1,14.75,0.020,0.050,,0.035,0.600,2.8,32,401,0.038,,0.44,,0.34,
1/25/2010,1/31/2010,26,TV71,100.0,"3,600",276,"1,985",92,9.8,9.7,0.189,0.171,0.106,0.063,0.070,18.0,1,10.01,0.020,0.030,,0.033,0.550,3.4,30,488,0.020,,0.50,,0.34,
2/1/2010,2/7/2010,26,TV71,100.0,"3,599",276,"1,984",92,9.7,9.6,0.143,0.139,0.106,0.056,0.057,17.9,1,,0.020,0.030,,0.035,0.600,3.1,25,277,0.015,,0.55,,0.28,
2/8/2010,2/14/2010,26,TV71,100.0,"3,600",276,"1,985",91,9.7,9.7,0.128,0.125,0.106,0.057,0.057,18.0,1,13.00,0.020,0.080,,0.040,0.600,3.0,23,188,0.007,,0.68,,0.31,
2/15/2010,2/21/2010,26,TV71,100.0,"3,599",276,"1,984",91,9.7,9.6,0.092,0.120,0.079,0.057,0.057,18.0,1,10.40,0.060,0.050,,0.036,0.600,3.1,25,255,0.009,,0.49,,0.31,
2/22/2010,2/28/2010,26,,100.0,"3,600",276,"1,985",90,9.7,9.6,0.074,0.116,0.075,0.058,0.058,18.0,1,1.95,0.055,0.025,,0.024,0.350,3.6,37,340,0.009,,0.50,,0.33,
3/1/2010,3/7/2010,26,,100.0,"3,599",276,"1,984",91,9.6,9.5,0.076,0.118,0.074,0.059,0.058,18.0,1,2.95,0.150,0.040,,0.023,0.250,3.6,40,343,0.009,,0.45,,0.31,
3/8/2010,3/14/2010,26,,100.0,"3,600",276,"1,985",91,10.5,5.4,0.077,0.116,0.074,0.056,0.072,18.0,1,2.85,0.025,0.035,,0.022,0.110,3.7,27,230,0.013,,0.54,,0.30,
3/15/2010,3/21/2010,26,,100.0,"3,600",276,"1,985",91,9.7,9.6,0.071,0.116,0.071,0.056,0.056,18.0,1,1.90,0.020,0.040,,0.022,0.120,3.5,22,115,0.006,,0.63,,0.32,
3/22/2010,3/28/2010,26,,100.0,"3,600",276,"1,985",91,9.6,9.6,0.070,0.118,0.071,0.056,0.057,18.0,1,2.15,0.020,0.045,,0.021,0.115,3.4,30,178,0.005,,0.51,,0.31,
3/29/2010,4/4/2010,26,TV71,100.0,"3,599",276,"1,984",90,9.6,9.6,0.114,0.121,0.105,0.057,0.057,18.0,< 1,8.05,0.020,0.050,,0.030,0.385,3.1,32,199,0.019,1.1,0.36,,0.30,
4/5/2010,4/11/2010,26,TV71,100.0,"3,600",276,"1,985",90,9.6,9.6,0.121,0.120,0.093,0.057,0.057,18.0,< 1,13.20,0.100,0.050,,0.038,0.620,2.7,40,248,0.011,,0.41,,0.31,
4/12/2010,4/18/2010,26,,100.0,"3,599",276,"1,984",90,9.6,9.6,0.071,0.120,0.071,0.058,0.057,17.9,1,2.10,0.010,0.030,,0.021,0.100,3.3,42,255,0.008,,0.52,,0.31,
4/19/2010,4/25/2010,26,,100.0,"3,600",276,"1,985",91,9.7,9.6,0.071,0.117,0.072,0.058,0.058,18.0,1,3.00,0.020,0.030,,0.018,0.100,3.3,48,325,0.006,,0.38,,0.30,
4/26/2010,5/2/2010,26,,99.2,"3,573",276,"1,968",90,9.8,9.7,0.076,0.110,0.074,0.059,0.059,17.8,1,2.10,0.010,0.040,,0.018,0.100,3.3,57,415,0.005,,0.46,,0.30,
5/3/2010,5/9/2010,26,,100.0,"3,600",276,"1,985",90,9.7,9.7,0.096,0.122,0.095,0.060,0.060,18.0,1,1.90,0.070,0.040,,0.018,0.140,3.3,55,400,0.004,,0.58,,0.28,
5/10/2010,5/16/2010,26,TV71,100.0,"3,600",276,"1,985",92,9.6,9.5,0.112,0.112,0.106,0.057,0.057,18.0,1,16.50,0.150,0.080,,0.034,0.720,3.0,37,290,0.041,,0.50,,0.29,
5/17/2010,5/23/2010,26,TV71,100.0,"3,600",276,"1,985",93,9.6,9.6,0.107,0.109,0.106,0.056,0.056,18.0,1,12.80,0.050,0.080,,0.033,0.600,2.7,23,130,0.022,,0.42,,0.29,
5/24/2010,5/30/2010,26,TV71,100.0,"3,599",276,"1,985",95,9.5,9.5,0.088,0.106,0.078,0.057,0.057,18.0,1,12.50,0.100,0.070,,0.031,0.640,3.0,35,200,0.017,,0.60,,0.27,
5/31/2010,6/6/2010,26,,99.8,"3,592",276,"1,980",97,9.4,9.4,0.072,0.108,0.071,0.057,0.057,17.9,1,4.10,0.030,0.040,,0.037,0.130,3.1,42,245,0.007,,0.35,,0.29,
6/7/2010,6/13/2010,26,,98.5,"3,546",276,"1,952",94,9.6,9.6,0.069,0.098,0.070,0.058,0.058,17.6,2,2.70,0.070,0.040,,0.019,0.200,3.2,52,295,0.009,,0.32,,0.30,
6/14/2010,6/20/2010,26,,100.0,"3,600",276,"1,986",93,9.7,9.7,0.069,0.101,0.069,0.058,0.058,18.0,1,2.80,0.030,0.070,,0.018,0.140,3.1,55,325,0.004,,0.38,,0.29,
6/21/2010,6/27/2010,26,,99.5,"3,581",276,"1,974",95,9.6,9.7,0.075,0.097,0.077,0.059,0.059,17.9,3,3.00,0.010,0.030,,0.021,0.110,3.1,63,383,0.005,,0.51,,0.30,
6/28/2010,7/4/2010,26,,96.7,"3,482",276,"1,913",93,9.6,9.7,0.072,0.091,0.071,0.060,0.060,17.3,1,3.30,0.600,0.030,,0.017,0.130,2.9,77,513,0.007,,0.46,,0.29,
7/5/2010,7/11/2010,26,,96.1,"3,460",276,"1,899",95,9.4,9.5,0.070,0.094,0.070,0.060,0.060,17.2,1,2.40,0.050,0.040,,0.016,0.130,3.2,92,610,0.005,,0.49,,0.29,
7/12/2010,7/18/2010,26,,95.3,"3,429",276,"1,880",97,9.5,9.4,0.108,0.102,0.086,0.058,0.059,17.0,1,1.90,0.020,0.040,,0.016,0.110,3.6,75,663,0.006,,0.34,,0.29,
7/19/2010,7/25/2010,26,,94.6,"3,405",276,"1,865",99,9.7,9.5,0.073,0.093,0.073,0.056,0.057,16.6,1,,,,,,,3.2,32,135,0.003,,0.55,,,
7/26/2010,8/1/2010,26,,72.8,"2,631",246,"1,432",84,9.7,9.6,0.224,0.245,0.129,0.057,0.057,8.1,50,2.10,0.020,0.050,,0.016,0.080,4.1,38,136,0.006,,0.59,,0.28,
8/2/2010,8/8/2010,shutdown,,0.1,58,34,28,31,1.2,1.4,0.674,0.648,0.689,0.297,0.306,0.0,,,,,,,,25.8,43,90,,,,,,
8/9/2010,8/15/2010,shutdown,,0.2,58,30,30,31,-2.4,-2.3,0.977,0.820,0.795,0.625,0.616,0.0,,,,,,,,,88,,,,,,,
8/16/2010,8/22/2010,shutdown,,0.2,58,26,13,31,-3.6,-3.6,0.993,0.968,0.834,0.809,0.723,0.0,,,,,,,,,108,,,,,,,
8/23/2010,8/29/2010,shutdown,,0.2,58,25,0,31,-3.7,-3.7,0.977,1.110,0.886,0.971,0.833,0.0,,,,,,,,,127,,,,,,,
8/30/2010,9/5/2010,shutdown,,0.1,20,23,0,31,-3.6,-3.6,0.957,1.253,0.952,0.998,0.974,0.0,,,,,,,,,150,,,,,,,
9/6/2010,9/12/2010,shutdown,,0.0,0,36,5,33,-1.7,-1.6,1.377,1.360,1.030,1.003,0.999,0.0,,,,,,,,,133,,,,,,,
9/13/2010,9/19/2010,27,,21.8,783,214,388,42,7.9,8.4,0.413,0.984,0.291,0.152,0.146,3.6,,,,,,,,,152,67,,,,,,
9/20/2010,9/26/2010,27,,90.1,"3,243",274,"1,773",81,9.7,9.5,0.103,0.136,0.084,0.057,0.059,16.1,4,,,,,,,4.4,55,153,0.002,,,,,
9/27/2010,10/3/2010,27,,98.8,"3,555",276,"1,960",93,9.7,9.5,0.073,0.141,0.074,0.057,0.059,17.9,0,2.30,,,,,,3.6,63,175,< 0.001,,,,0.36,
10/4/2010,10/10/2010,27,,98.7,"3,551",276,"1,958",94,9.8,9.6,0.076,0.128,0.074,0.058,0.059,17.8,1,1.60,,0.080,,0.028,0.172,3.5,68,262,< 0.001,,0.25,,0.36,
10/11/2010,10/17/2010,27,,98.5,"3,547",276,"1,955",91,9.9,9.7,0.071,0.120,0.070,0.058,0.059,17.9,0,2.10,,0.080,,0.025,0.169,3.6,68,290,< 0.001,,,,0.33,
10/18/2010,10/24/2010,27,,98.6,"3,548",276,"1,956",91,9.8,9.6,0.069,0.121,0.068,0.057,0.057,17.9,1,2.00,,0.060,,0.025,0.148,3.6,50,310,< 0.001,,,,0.34,
10/25/2010,10/31/2010,27,,98.9,"3,560",276,"1,963",91,9.8,9.7,0.064,0.119,0.064,0.056,0.056,17.9,0,3.10,,0.040,,0.026,0.140,3.4,15,65,< 0.001,,,,0.34,
11/1/2010,11/7/2010,27,,99.7,"3,588",276,"1,981",92,9.7,9.6,0.063,0.116,0.063,0.056,0.056,18.0,0,2.90,0.020,0.070,,0.025,0.150,3.4,20,118,0.002,,,,0.30,
11/8/2010,11/14/2010,27,,99.2,"3,569",276,"1,969",91,9.7,9.6,0.062,0.115,0.063,0.056,0.056,17.9,0,1.00,,0.090,,0.022,0.080,3.3,22,145,,,,,0.26,
11/15/2010,11/21/2010,27,,98.8,"3,555",276,"1,960",89,9.9,9.8,0.063,0.113,0.063,0.057,0.057,17.9,0,0.80,,0.070,,0.023,0.150,3.1,23,165,0.007,,,,0.25,
11/22/2010,11/28/2010,27,,98.3,"3,537",275,"1,948",88,9.9,9.8,0.062,0.111,0.062,0.057,0.057,17.8,0,1.00,0.030,0.060,,0.024,0.116,3.1,28,170,0.006,,0.10,,0.22,
11/29/2010,12/5/2010,27,,97.8,"3,520",275,"1,937",87,9.9,9.8,0.130,0.109,0.066,0.057,0.057,16.8,50,,,,,,,2.8,30,183,,,,,0.18,
12/6/2010,12/12/2010,27,,98.5,"3,546",275,"1,954",88,9.8,9.7,0.096,0.121,0.088,0.057,0.057,17.9,0,1.13,,0.075,,0.029,0.148,3.1,28,188,,,,,0.26,
12/13/2010,12/19/2010,27,TV71,97.7,"3,516",275,"1,935",86,9.8,9.7,0.119,0.117,0.101,0.057,0.057,17.7,0,10.00,,0.090,,0.051,0.670,2.4,32,180,0.016,,0.26,,0.24,
12/20/2010,12/26/2010,27,TV71,98.3,"3,537",275,"1,948",87,9.8,9.7,0.098,0.114,0.078,0.057,0.057,17.8,0,9.90,,0.090,,0.047,0.510,2.6,33,185,0.002,,0.10,,0.24,
12/27/2010,1/2/2011,27,,98.0,"3,529",275,"1,943",87,9.8,9.7,0.065,0.114,0.065,0.057,0.057,17.7,0,,,,,,,3.5,35,210,< 0.001,,,,0.28,
1/3/2011,1/9/2011,27,,98.4,"3,543",275,"1,952",87,9.7,9.6,0.064,0.112,0.065,0.057,0.057,17.8,0,2.10,,0.060,0.255,0.025,0.080,3.4,38,225,0.003,,0.20,,0.23,0.028
1/10/2011,1/16/2011,27,,98.7,"3,552",276,"1,958",89,9.7,9.6,0.085,0.118,0.079,0.057,0.057,17.8,0,1.80,,0.060,0.255,0.028,0.180,3.6,37,198,< 0.001,3.0,0.10,,0.28,0.031
1/17/2011,1/23/2011,27,TV71,97.2,"3,499",275,"1,926",88,9.7,9.6,0.167,0.167,0.101,0.056,0.056,17.5,0,12.10,0.020,0.070,0.415,0.042,0.620,3.3,15,58,0.122,5.4,0.10,,0.27,0.035
1/24/2011,1/30/2011,27,TV71,97.9,"3,525",275,"1,941",88,9.6,9.6,0.154,0.141,0.101,0.056,0.056,17.7,0,12.00,0.020,0.060,0.394,0.040,0.600,3.4,17,69,0.110,3.4,0.20,,0.28,
1/31/2011,2/6/2011,27,TV71,98.1,"3,532",275,"1,945",88,9.7,9.6,0.118,0.115,0.101,0.056,0.056,17.8,0,11.60,,0.060,,0.040,0.580,3.0,22,83,0.079,0.2,0.25,,0.28,
2/7/2011,2/13/2011,27,TV71,98.6,"3,548",276,"1,955",89,9.7,9.6,0.111,0.112,0.101,0.056,0.056,17.6,0,10.20,,0.070,,0.037,0.550,2.8,22,100,0.037,0.2,0.27,,0.27,
2/14/2011,2/20/2011,27,TV71,98.5,"3,548",276,"1,955",89,9.8,9.7,0.110,0.109,0.101,0.056,0.056,17.9,0,9.00,,0.070,,0.045,0.057,2.5,23,113,0.020,0.3,0.19,,0.27,
2/21/2011,2/27/2011,27,,89.1,"3,206",274,"1,753",82,9.6,9.5,0.100,0.112,0.089,0.056,0.056,15.6,4,2.80,,0.040,,0.027,0.170,4.2,35,126,0.018,0.4,,,0.16,
2/28/2011,3/6/2011,27,,98.4,"3,544",276,"1,953",89,9.6,9.5,0.068,0.117,0.068,0.056,0.057,17.8,0,2.70,,0.090,,0.028,0.110,3.7,33,148,0.020,0.1,0.15,0.004,0.23,
3/7/2011,3/13/2011,27,,98.9,"3,560",276,"1,963",89,9.5,9.5,0.067,0.112,0.068,0.057,0.057,17.9,0,1.70,0.010,0.070,,0.029,0.170,3.6,38,165,0.012,,0.12,0.006,0.27,
3/14/2011,3/20/2011,27,,99.3,"3,574",276,"1,972",90,9.7,9.7,0.069,-0.267,0.069,0.057,0.057,18.0,0,3.00,0.020,0.060,,0.028,0.310,3.5,38,178,0.019,,0.18,0.004,0.29,
3/21/2011,3/27/2011,27,,99.3,"3,574",276,"1,972",90,9.7,9.5,0.068,-1.000,0.068,0.056,0.056,17.9,0,2.70,0.010,0.060,,0.027,0.260,3.7,23,113,0.003,,0.16,0.004,0.29,
3/28/2011,4/3/2011,27,,99.7,"3,590",276,"1,982",91,9.7,9.6,0.068,-1.000,0.068,0.056,0.056,18.0,0,1.90,0.010,0.040,,0.027,,3.7,17,55,0.002,,0.10,0.008,0.29,
4/4/2011,4/10/2011,27,,99.8,"3,592",276,"1,983",91,9.7,9.5,0.067,-1.000,0.067,0.056,0.056,18.0,0,2.60,0.010,0.020,,0.027,0.210,3.7,18,73,0.002,,0.16,0.004,0.28,
4/11/2011,4/17/2011,27,,99.4,"3,577",276,"1,973",90,9.7,9.6,0.066,-1.000,0.066,0.056,0.056,18.0,0,1.90,0.010,0.050,,0.026,0.140,3.7,22,83,0.001,,0.25,0.006,0.27,
4/18/2011,4/24/2011,27,,99.8,"3,591",276,"1,983",91,9.8,9.6,0.066,-1.000,0.066,0.056,0.056,17.9,0,1.90,,0.050,,0.027,0.200,3.6,25,108,< 0.001,,0.18,,0.28,
4/25/2011,5/1/2011,27,,91.8,"3,305",275,"1,812",85,9.8,9.7,0.098,-1.000,0.078,0.057,0.056,16.2,15,1.80,,0.040,,0.025,0.130,6.1,40,125,0.004,,0.15,0.004,0.29,
5/2/2011,5/8/2011,27,,99.8,"3,592",276,"1,983",92,9.8,9.6,0.067,-1.000,0.066,0.057,0.057,18.0,0,1.40,,0.140,,0.028,0.160,4.4,37,130,0.003,,0.12,0.005,0.26,
5/9/2011,5/15/2011,27,,99.9,"3,597",276,"1,986",93,9.8,9.7,0.065,-1.000,0.066,0.057,0.057,18.0,0,1.40,,0.080,,0.024,0.130,4.0,40,170,< 0.001,,0.07,0.005,0.27,
5/16/2011,5/22/2011,27,,99.9,"3,597",276,"1,987",95,9.8,9.6,0.065,-1.000,0.066,0.057,0.057,18.0,0,1.20,,0.080,,0.024,0.160,4.0,43,190,< 0.001,,0.12,0.007,0.28,
5/23/2011,5/29/2011,27,,99.7,"3,590",276,"1,982",96,9.8,9.6,0.066,-1.000,0.066,0.058,0.057,17.9,0,1.10,,0.080,,0.023,0.120,4.1,48,215,< 0.001,,0.07,0.006,0.27,
5/30/2011,6/5/2011,27,,99.4,"3,580",277,"1,976",97,9.8,9.7,0.066,-1.000,0.067,0.058,0.057,17.9,0,,,,,,,4.0,50,,,,,,0.26,
6/6/2011,6/12/2011,27,,99.7,"3,588",277,"1,981",99,9.9,9.7,0.066,-1.000,0.067,0.058,0.058,18.0,0,1.10,,0.080,,0.019,0.100,4.2,53,254,0.002,,0.10,0.003,0.26,
6/13/2011,6/19/2011,27,,98.8,"3,557",276,"1,962",89,9.7,9.5,0.067,-1.000,0.067,0.059,0.058,17.7,0,0.90,,0.060,,0.015,,4.4,53,255,,,0.06,0.003,0.24,
6/20/2011,6/26/2011,27,,99.4,"3,578",276,"1,974",92,9.8,9.7,0.066,-1.000,0.067,0.059,0.058,17.9,0,0.90,,0.070,,0.022,,4.0,57,250,0.001,,0.06,0.004,0.24,
6/27/2011,7/3/2011,27,,97.4,"3,505",276,"1,929",91,9.4,9.4,0.068,-1.000,0.068,0.057,0.056,17.4,0,1.00,,0.070,,0.022,0.130,4.6,45,275,< 0.001,,,,0.26,
7/4/2011,7/10/2011,27,,99.0,"3,562",277,"1,965",97,9.7,9.6,0.067,-1.000,0.068,0.056,0.056,17.8,0,1.00,,0.071,,0.023,0.125,4.7,22,73,< 0.001,,0.05,0.005,0.27,
7/11/2011,7/17/2011,27,,97.8,"3,519",277,"1,938",98,9.8,9.7,0.067,-1.000,0.068,0.056,0.056,17.6,0,1.20,,0.080,,0.020,0.123,4.7,25,83,< 0.001,,0.06,0.004,0.27,
7/18/2011,7/24/2011,27,,96.9,"3,490",277,"1,920",101,9.8,9.7,0.068,-1.000,0.069,0.056,0.056,17.5,0,1.10,,0.080,,0.018,0.127,4.7,28,85,< 0.001,,0.09,0.005,0.26,
7/25/2011,7/31/2011,27,,95.1,"3,422",277,"1,877",101,9.9,9.8,0.097,-1.000,0.115,0.058,0.057,0.9,85,1.00,,0.090,,0.018,0.120,4.4,42,90,< 0.001,,0.13,0.004,0.26,
8/1/2011,8/7/2011,27,,33.0,"1,189",143,664,55,7.1,7.2,0.122,-1.000,0.284,0.157,0.086,0.0,129,,,,,,,3.8,33,120,,,,,,
8/8/2011,8/14/2011,shutdown,,0.0,0,31,41,31,-0.4,-0.5,0.933,-1.000,0.636,0.530,0.323,0.0,,,,,,,,,53,,,,,,,
8/15/2011,8/21/2011,shutdown,,0.0,0,37,39,31,-0.4,-0.2,0.900,-1.000,0.713,0.632,0.478,0.1,,,,,,,,10.6,72,275,,,,,,
8/22/2011,8/28/2011,shutdown,,0.4,15,69,29,32,8.8,8.6,0.552,-1.000,0.399,0.165,0.146,0.0,,,,,,,,,127,,,,,,,
8/29/2011,9/4/2011,28,,64.2,"2,311",233,"1,258",65,9.7,9.6,0.240,0.523,0.146,0.125,0.100,5.8,126,,,,,,,3.6,145,555,,,,,,
9/5/2011,9/11/2011,28,,99.0,"3,564",276,"1,966",90,9.7,9.6,0.073,0.118,0.075,0.060,0.060,17.2,0,2.10,,0.250,,0.050,0.180,3.5,155,480,0.002,,0.08,0.005,0.39,
9/12/2011,9/18/2011,28,,99.6,"3,584",276,"1,978",92,9.7,9.6,0.093,0.129,0.077,0.057,0.057,17.8,0,1.30,,0.180,,0.040,0.170,5.2,25,180,0.002,1.0,0.17,0.004,0.47,
9/19/2011,9/25/2011,28,,99.9,"3,598",276,"1,987",93,9.6,9.5,0.079,0.122,0.079,0.057,0.057,18.0,0,1.20,,0.160,,0.040,0.150,6.1,28,198,< 0.001,,0.13,0.004,0.47,
9/26/2011,10/2/2011,28,,99.8,"3,592",276,"1,983",92,9.6,9.5,0.079,0.126,0.079,0.058,0.058,18.0,0,0.90,,0.160,,0.031,0.150,6.9,32,240,< 0.001,,0.05,0.004,0.49,
10/3/2011,10/9/2011,28,,99.2,"3,572",276,"1,971",90,9.7,9.6,0.080,0.133,0.083,0.059,0.059,17.8,0,0.90,,0.120,,0.029,0.140,7.2,38,258,< 0.001,,0.13,0.005,0.48,
10/10/2011,10/16/2011,28,,91.0,"3,275",275,"1,795",85,9.6,9.5,0.097,0.117,0.092,0.060,0.060,15.7,0,,,,,,,,58,,,,,,,
10/17/2011,10/23/2011,28,,99.3,"3,574",276,"1,971",91,9.7,9.6,0.082,0.115,0.082,0.057,0.057,17.9,0,0.60,,0.150,,0.028,0.120,7.3,23,163,< 0.001,,0.18,0.005,0.48,
10/24/2011,10/30/2011,28,,98.9,"3,559",276,"1,962",90,9.7,9.6,0.083,0.093,0.085,0.058,0.058,17.8,0,0.40,,0.130,,0.025,0.100,7.4,20,88,< 0.001,,0.17,0.005,0.49,
10/31/2011,11/6/2011,28,,99.7,"3,589",276,"1,981",91,9.6,9.5,0.083,0.095,0.083,0.061,0.060,17.8,0,0.50,,0.100,,0.024,0.100,7.3,20,105,< 0.001,,0.16,0.006,0.49,
11/7/2011,11/13/2011,28,,99.4,"3,579",276,"1,974",90,9.7,9.6,0.084,0.112,0.084,0.063,0.063,18.0,0,,,,,,,7.6,28,115,< 0.001,,0.13,0.005,0.50,
11/14/2011,11/20/2011,28,,98.7,"3,552",275,"1,957",88,9.7,9.7,0.085,0.116,0.086,0.065,0.065,17.9,0,0.60,,0.090,,0.022,0.080,7.6,30,135,< 0.001,,0.17,0.005,0.49,
11/21/2011,11/27/2011,28,,98.6,"3,548",275,"1,955",87,9.7,9.6,0.087,0.115,0.086,0.067,0.067,17.9,0,0.60,,0.080,,0.022,0.080,8.1,30,135,< 0.001,,0.20,0.005,0.49,
11/28/2011,12/4/2011,28,,99.2,"3,573",276,"1,970",88,9.7,9.6,0.106,0.121,0.089,0.061,0.061,17.9,1,0.40,,0.070,,0.020,0.070,7.5,27,77,0.007,4.0,0.20,0.005,0.49,
12/5/2011,12/11/2011,28,TV71,98.9,"3,559",276,"1,962",88,9.8,9.7,0.191,0.189,0.096,0.061,0.057,17.6,< 1,10.40,0.020,0.080,,0.029,0.330,7.1,15,44,0.119,6.2,0.20,0.004,0.50,
12/12/2011,12/18/2011,28,TV71,99.2,"3,573",275,"1,969",87,9.8,9.7,0.167,0.154,0.096,0.069,0.060,17.4,0,9.00,0.020,0.050,,0.032,0.420,6.3,18,59,0.196,5.5,0.17,0.004,0.49,
12/19/2011,12/25/2011,28,TV71,98.4,"3,544",275,"1,952",88,9.8,9.7,0.112,0.110,0.096,0.057,0.056,17.2,0,8.10,0.020,0.060,,0.030,0.380,6.0,17,45,0.120,1.3,0.21,0.004,0.49,
12/26/2011,1/1/2012,28,TV71,97.2,"3,500",275,"1,925",86,9.8,9.7,0.105,0.105,0.096,0.058,0.056,16.8,0,,,,,,,,15,,,,,,,
1/2/2012,1/8/2012,28,TV71,98.0,"3,528",275,"1,943",87,9.6,9.5,0.103,0.103,0.096,0.061,0.057,17.1,0,,,,0.193,,,6.4,20,55,0.044,,,,0.49,0.025
1/9/2012,1/15/2012,28,TV71,98.4,"3,544",275,"1,952",87,9.6,9.5,0.101,0.101,0.096,0.063,0.057,17.1,0,5.30,,0.080,0.198,0.035,0.370,6.4,25,73,0.024,,0.16,,0.52,
1/16/2012,1/22/2012,28,,97.9,"3,523",275,"1,939",86,9.6,9.6,0.090,0.098,0.086,0.065,0.058,16.9,0,2.85,,0.060,0.113,0.027,0.265,6.6,25,85,0.016,,0.08,,0.51,
1/23/2012,1/29/2012,28,,98.7,"3,552",276,"1,957",90,9.5,9.5,0.083,0.098,0.083,0.066,0.059,17.1,2,0.80,,0.040,0.107,0.020,0.120,7.2,30,105,0.015,,0.18,,0.46,
1/30/2012,2/5/2012,28,,97.5,"3,511",275,"1,931",88,9.7,9.6,0.084,0.100,0.084,0.067,0.060,16.8,2,1.20,,0.040,,0.020,0.150,7.2,30,125,0.012,,0.25,,0.47,
2/6/2012,2/12/2012,28,,97.6,"3,513",275,"1,933",87,9.9,9.8,0.083,0.099,0.083,0.059,0.061,16.8,2,1.20,,0.040,,0.020,0.130,7.5,23,110,0.009,,0.38,,0.48,
2/13/2012,2/19/2012,28,,98.5,"3,545",275,"1,953",89,9.8,9.7,0.081,0.098,0.081,0.056,0.061,17.1,2,0.90,,0.040,,0.020,0.130,7.3,27,127,0.010,,0.24,,0.46,
2/20/2012,2/26/2012,28,,98.7,"3,552",275,"1,957",89,9.7,9.6,0.082,0.098,0.082,0.057,0.062,17.1,1,0.80,,0.040,,0.020,0.120,7.3,32,150,0.005,,0.13,,0.47,
2/27/2012,3/4/2012,28,,99.0,"3,565",276,"1,965",89,9.7,9.6,0.082,0.099,0.082,0.057,0.062,17.2,1,0.70,,0.030,,0.020,0.190,7.5,35,203,0.005,,0.10,,0.44,
3/5/2012,3/11/2012,28,,98.5,"3,548",275,"1,954",88,9.7,9.6,0.083,0.099,0.082,0.056,0.059,17.1,1,1.00,,0.040,,0.020,0.110,7.6,30,223,0.006,,0.12,0.003,0.44,
3/12/2012,3/18/2012,28,TV71,99.2,"3,571",275,"1,969",89,9.7,9.6,0.118,0.126,0.105,0.056,0.056,17.4,3,5.30,0.010,0.060,,0.026,0.360,6.7,18,105,0.092,5.5,0.10,0.003,0.44,
3/19/2012,3/25/2012,28,TV71,98.8,"3,555",275,"1,959",88,9.7,9.6,0.105,0.113,0.098,0.056,0.056,17.3,2,7.30,0.010,0.070,,0.035,0.480,6.2,23,138,0.035,,0.14,0.003,0.44,
3/26/2012,4/1/2012,28,,99.4,"3,578",276,"1,973",89,9.8,9.7,0.082,0.106,0.081,0.057,0.057,17.4,2,1.80,,0.050,,0.022,0.100,6.9,30,180,0.017,,0.13,,0.42,
4/2/2012,4/8/2012,28,,99.4,"3,577",276,"1,973",89,9.8,9.7,0.080,0.100,0.080,0.057,0.058,17.4,2,1.40,,0.060,,0.018,0.080,7.1,38,258,0.011,,0.11,0.005,0.43,
4/9/2012,4/15/2012,28,,99.3,"3,574",276,"1,971",89,9.8,9.7,0.080,0.097,0.080,0.058,0.058,17.3,1,1.10,,0.060,,0.017,0.090,7.5,48,335,0.007,,0.07,0.004,0.42,
4/16/2012,4/22/2012,28,,99.2,"3,572",276,"1,970",89,9.7,9.6,0.080,0.098,0.080,0.058,0.058,17.3,1,1.00,,0.040,,0.018,0.100,7.4,52,365,0.005,,0.09,0.004,0.41,
4/23/2012,4/29/2012,28,,98.2,"3,536",275,"1,947",88,9.7,9.6,0.082,0.098,0.083,0.059,0.059,16.9,1,1.30,0.010,,,0.024,0.160,7.2,55,407,0.005,,0.07,0.004,0.39,
4/30/2012,5/6/2012,28,,99.3,"3,575",276,"1,971",89,9.7,9.6,0.083,0.099,0.083,0.060,0.060,17.3,1,1.00,,0.130,,0.020,0.130,7.5,65,545,0.004,,0.09,0.004,0.39,
5/7/2012,5/13/2012,28,,98.3,"3,537",275,"1,948",88,9.6,9.5,0.082,0.098,0.083,0.059,0.059,17.0,1,0.90,,0.100,,0.019,0.120,7.9,72,673,0.003,,0.13,0.005,0.40,
5/14/2012,5/20/2012,28,,99.5,"3,582",276,"1,975",91,9.7,9.6,0.082,0.099,0.081,0.058,0.058,17.3,1,1.00,,0.090,,0.019,0.090,7.7,27,235,0.003,,0.18,0.005,0.41,
5/21/2012,5/27/2012,28,TV71,99.6,"3,585",276,"1,977",92,9.7,9.6,0.131,0.125,0.105,0.058,0.058,17.4,1,4.20,,0.050,,0.030,0.320,7.2,38,361,0.034,6.0,0.11,0.004,0.44,
5/28/2012,6/3/2012,28,TV71,99.4,"3,577",276,"1,973",94,9.8,9.7,0.103,0.103,0.106,0.059,0.059,17.4,2,4.90,,0.050,,0.032,0.330,7.7,48,420,0.015,,0.04,0.004,0.46,
6/4/2012,6/10/2012,28,,96.9,"3,488",276,"1,918",90,9.6,9.6,0.092,0.103,0.090,0.059,0.059,16.7,2,,,,,,,7.8,58,455,,,0.19,,0.45,
6/11/2012,6/17/2012,28,,98.4,"3,541",277,"1,951",96,9.6,9.5,0.083,0.103,0.084,0.060,0.060,17.6,1,0.70,,0.080,,0.016,0.070,8.7,67,530,0.011,,0.09,0.004,0.45,
6/18/2012,6/24/2012,28,,96.2,"3,463",276,"1,903",92,9.2,9.5,0.086,0.105,0.086,0.058,0.058,17.4,2,0.70,,0.010,,0.018,0.080,8.9,43,340,0.007,,0.15,,0.41,
6/25/2012,7/1/2012,28,,95.7,"3,445",276,"1,892",88,9.7,9.6,0.084,0.105,0.085,0.057,0.057,17.3,2,1.10,,0.090,,0.017,0.060,8.1,35,223,0.008,,0.11,,0.41,
7/2/2012,7/8/2012,28,,98.5,"3,547",277,"1,954",96,9.7,9.6,0.084,0.102,0.084,0.058,0.058,18.0,2,1.20,,0.070,,0.017,0.080,8.5,45,285,0.006,,0.06,0.004,0.40,
7/9/2012,7/15/2012,28,,98.7,"3,553",277,"1,958",99,9.7,9.6,0.084,0.101,0.084,0.059,0.059,18.1,2,0.70,,0.070,,0.018,0.070,8.5,62,410,0.005,,0.03,,0.40,
7/16/2012,7/22/2012,28,,97.5,"3,510",277,"1,931",100,9.7,9.6,0.085,0.101,0.086,0.060,0.059,17.7,2,0.90,,0.090,,0.016,0.080,9.0,68,455,0.004,,0.03,0.004,0.40,
7/23/2012,7/29/2012,28,,94.3,"3,396",277,"1,860",96,9.6,9.6,0.089,0.107,0.090,0.057,0.057,16.8,1,0.70,,0.080,,0.016,0.080,9.4,47,330,0.002,,0.06,0.004,0.40,
7/30/2012,8/5/2012,28,,87.6,"3,154",277,"1,721",93,9.7,9.6,0.089,0.109,0.096,0.056,0.057,15.4,2,,,,,,,9.4,40,195,0.005,,,,0.39,
8/6/2012,8/12/2012,shutdown,,1.5,54,66,50,33,4.5,4.6,0.423,0.358,0.630,0.258,0.168,0.1,50,,,,,,,,58,,,,,,,
8/13/2012,8/19/2012,shutdown,,0.0,2,32,49,31,-0.3,0.0,1.000,0.418,0.895,0.520,0.278,0.0,,,,,,,,,80,,,,,,,
8/20/2012,8/26/2012,shutdown,,0.1,2,31,67,31,-1.3,-0.3,1.100,0.508,0.955,0.611,0.412,0.0,,,,,,,,,78,,,,,,,
8/27/2012,9/2/2012,shutdown,,0.1,3,30,63,31,-0.7,-0.5,1.000,0.639,1.060,0.735,0.599,0.0,,,,,,,,,90,,,,,,,
9/3/2012,9/9/2012,shutdown,,0.0,0,28,61,30,-0.5,-0.5,1.200,0.780,1.153,0.859,0.793,0.0,,,,,,,,14.2,87,195,,,,,,
9/10/2012,9/16/2012,shutdown,,0.0,0,32,59,31,-0.2,-0.1,1.433,0.905,1.220,0.947,0.940,0.0,,,,,,,,,92,,,,,,,
9/17/2012,9/23/2012,shutdown,,0.0,0,27,21,31,2.7,0.0,1.067,0.996,1.282,0.996,0.931,0.0,,,,,,,,,90,,,,,,,
9/24/2012,9/30/2012,shutdown,,0.0,0,27,0,31,0.7,0.0,1.000,1.086,1.338,0.998,0.990,0.0,,,,,,,,,90,,,,,,,
10/1/2012,10/7/2012,shutdown,,0.0,0,27,0,31,-0.1,0.0,1.000,1.168,1.392,0.998,0.993,0.0,,,,,,,,,90,,,,,,,
10/8/2012,10/14/2012,shutdown,,0.0,0,27,0,31,-0.1,0.0,1.000,1.248,1.440,0.997,0.993,0.0,,,,,,,,,95,,,,,,,
10/15/2012,10/21/2012,shutdown,,0.0,0,37,19,32,-0.1,0.0,1.000,1.326,1.492,0.998,0.994,0.0,,,,,,,,,93,140,,,,,,
10/22/2012,10/28/2012,shutdown,,1.3,45,98,66,36,2.8,2.8,0.836,2.661,1.250,0.707,0.713,0.1,,,,,,,,,90,,,,,,,
10/29/2012,11/4/2012,29,,75.6,"2,722",273,"1,464",70,9.3,9.1,0.316,0.227,0.195,0.080,0.084,12.5,2,,,,,,,3.9,120,395,,,,,,
11/5/2012,11/11/2012,29,,99.9,"3,596",276,"1,984",89,8.3,9.1,0.105,0.121,0.091,0.065,0.063,18.1,2,2.40,,0.290,,0.034,0.130,6.8,122,563,0.015,9.4,0.30,0.004,0.49,
11/12/2012,11/18/2012,29,,100.0,"3,600",276,"1,986",91,9.1,9.4,0.114,0.136,0.086,0.060,0.059,18.4,3,1.80,,0.200,,0.027,0.190,7.2,38,319,0.006,,0.47,0.004,,
11/19/2012,11/25/2012,29,,100.0,"3,598",277,"1,985",91,9.4,9.2,0.095,0.126,0.085,0.061,0.061,18.4,3,1.40,,0.160,,0.027,0.280,7.9,60,555,0.006,,0.14,0.004,,
11/26/2012,12/2/2012,29,,100.0,"3,600",276,"1,986",91,9.3,9.2,0.088,0.137,0.089,0.058,0.058,18.4,< 1,1.20,,0.120,,0.024,0.120,8.6,40,373,0.002,,0.11,0.004,0.42,
12/3/2012,12/9/2012,29,,99.9,"3,598",276,"1,985",91,9.3,9.2,0.088,0.134,0.088,0.058,0.058,18.4,< 1,1.30,,0.110,,0.023,0.080,8.8,35,283,0.002,,0.17,0.004,0.45,
12/10/2012,12/16/2012,29,,100.0,"3,600",276,"1,986",91,9.2,9.1,0.087,0.125,0.088,0.059,0.059,18.4,< 1,1.20,,0.110,,0.024,0.200,9.2,48,355,0.001,,,,,
12/17/2012,12/23/2012,29,,95.9,"3,452",276,"1,895",85,9.2,9.1,0.086,0.111,0.089,0.060,0.060,17.1,< 1,1.10,,0.110,,0.021,0.110,9.5,57,493,0.001,,0.16,,,
12/24/2012,12/30/2012,29,,100.0,"3,600",277,"1,986",95,9.4,9.2,0.084,0.117,0.085,0.061,0.061,18.4,< 1,,,,,,,,70,,,,,,,
12/31/2012,1/6/2013,29,,100.0,"3,600",277,"1,986",94,9.3,9.2,0.084,0.102,0.085,0.061,0.061,18.4,< 1,,,,0.125,,,9.9,80,705,< 0.001,,,,,0.027
1/7/2013,1/13/2013,29,,100.0,"3,600",277,"1,986",94,9.2,9.1,0.089,0.102,0.095,0.059,0.059,18.4,< 1,,,,0.181,,,9.4,68,380,0.003,,0.21,0.004,0.43,0.036
1/14/2013,1/20/2013,29,TV71,99.9,"3,597",277,"1,984",94,9.3,9.2,0.147,0.150,0.106,0.058,0.058,18.4,< 1,5.40,,0.100,0.235,0.029,0.300,9.0,35,266,0.030,5.6,0.20,0.004,0.42,
1/21/2013,1/27/2013,29,TV71,100.0,"3,600",277,"1,986",95,9.2,9.1,0.155,0.142,0.106,0.058,0.059,18.4,< 1,7.90,,0.080,0.248,0.031,0.340,8.7,45,328,0.105,5.8,0.19,0.003,0.41,0.037
1/28/2013,2/3/2013,29,TV71,100.0,"3,600",277,"1,986",95,9.2,9.1,0.117,0.116,0.106,0.059,0.059,18.4,< 1,7.40,,0.090,,0.030,0.320,8.7,52,378,0.034,,0.09,0.004,0.41,0.033
2/4/2013,2/10/2013,29,TV71,100.0,"3,600",277,"1,985",95,9.2,9.1,0.114,0.113,0.106,0.059,0.060,18.4,< 1,7.90,,0.154,,0.029,0.315,8.6,67,455,0.021,,0.36,0.004,,
2/11/2013,2/17/2013,29,TV71,99.9,"3,598",277,"1,984",94,9.2,9.1,0.096,0.100,0.089,0.060,0.060,18.4,< 1,1.47,,0.080,,0.020,0.118,9.0,75,493,0.016,,0.28,0.004,0.46,
2/18/2013,2/24/2013,29,,100.0,"3,600",277,"1,986",95,9.2,9.0,0.091,0.103,0.091,0.058,0.058,18.4,< 1,1.59,,0.073,,0.018,0.087,9.5,60,520,0.014,,0.24,0.004,0.46,
2/25/2013,3/3/2013,29,,100.0,"3,600",277,"1,986",95,9.2,9.1,0.090,0.101,0.090,0.057,0.057,18.4,< 1,1.63,,0.067,,0.016,0.056,9.4,33,180,0.011,,0.27,0.004,0.43,
3/4/2013,3/10/2013,29,,100.0,"3,600",277,"1,986",95,9.2,9.1,0.090,0.100,0.090,0.058,0.058,18.4,< 1,1.60,,0.064,,0.016,0.097,9.7,42,235,0.007,,0.22,0.005,0.43,
3/11/2013,3/17/2013,29,,97.9,"3,526",276,"1,940",91,9.2,9.1,0.091,0.099,0.091,0.058,0.058,17.9,< 1,1.30,,0.065,,0.017,0.080,10.0,52,290,0.005,,0.17,0.003,0.41,
3/18/2013,3/24/2013,29,,100.0,"3,600",277,"1,986",93,9.2,9.1,0.090,0.098,0.090,0.058,0.059,18.5,< 1,1.60,,0.066,,0.017,0.086,10.1,63,320,0.005,,0.10,0.004,0.43,
3/25/2013,3/31/2013,29,,100.0,"3,600",277,"1,986",93,9.1,9.1,0.090,0.098,0.090,0.059,0.059,18.5,< 1,1.27,,0.066,,0.018,0.092,10.4,70,363,0.007,,0.07,0.003,0.42,
4/1/2013,4/7/2013,29,,100.0,"3,600",277,"1,986",93,9.1,9.0,0.093,0.100,0.092,0.058,0.058,18.5,< 1,1.41,0.004,0.060,,0.017,,10.3,50,255,0.004,,0.20,0.002,0.42,
4/8/2013,4/14/2013,29,TV71,99.9,"3,597",277,"1,984",93,9.3,9.2,0.132,0.122,0.105,0.057,0.057,18.4,< 1,4.51,0.012,0.099,,0.023,0.240,9.4,28,164,0.029,5.8,0.24,0.003,0.43,
4/15/2013,4/21/2013,29,TV71,100.0,"3,600",277,"1,986",93,9.3,9.2,0.101,0.100,0.106,0.058,0.058,18.5,< 1,4.74,0.010,0.095,,0.024,0.256,9.2,42,230,0.015,,0.18,0.006,0.43,
4/22/2013,4/28/2013,29,TV71,98.6,"3,548",276,"1,954",89,9.2,9.2,0.093,0.099,0.093,0.058,0.058,18.1,< 1,4.28,0.005,0.139,,0.025,0.244,9.6,53,323,0.011,,0.10,0.003,0.43,
4/29/2013,5/5/2013,29,,100.0,"3,600",276,"1,986",92,9.3,9.2,0.090,0.098,0.090,0.059,0.059,18.4,< 1,,,,,,,10.0,58,355,0.007,,,,,
5/6/2013,5/12/2013,29,,100.0,"3,600",277,"1,986",92,9.3,9.2,0.091,0.097,0.090,0.059,0.059,18.4,< 1,1.60,,0.050,,0.019,0.070,10.2,65,428,0.005,,0.08,0.005,0.44,
5/13/2013,5/19/2013,29,,100.0,"3,600",277,"1,986",93,9.2,9.1,0.091,0.098,0.092,0.058,0.059,18.4,< 1,0.90,,0.050,,0.019,0.080,10.3,60,525,0.005,,0.13,0.004,0.45,
5/20/2013,5/26/2013,29,TV71,99.9,"3,597",276,"1,984",93,9.3,9.3,0.132,0.123,0.105,0.058,0.057,18.4,< 1,0.80,,0.050,,0.015,,9.3,28,231,0.071,5.3,0.13,0.004,0.42,
5/27/2013,6/2/2013,29,TV71,100.0,"3,600",277,"1,985",93,9.3,9.3,0.106,0.104,0.106,0.058,0.058,18.5,< 1,,,,,,,9.3,40,265,0.009,,,,,
6/3/2013,6/9/2013,29,,100.0,"3,600",277,"1,986",94,9.3,9.2,0.094,0.101,0.096,0.059,0.059,18.5,< 1,2.65,,0.080,,0.023,0.130,9.7,53,365,0.011,,0.16,0.003,0.43,
6/10/2013,6/16/2013,29,,99.8,"3,594",277,"1,982",94,9.3,9.2,0.090,0.102,0.090,0.059,0.059,18.4,< 1,1.00,,0.030,,0.018,0.070,10.4,65,443,0.011,,0.28,0.005,,
6/17/2013,6/23/2013,29,,96.1,"3,458",276,"1,899",88,9.3,9.2,0.092,0.100,0.091,0.060,0.060,17.4,< 1,1.20,,0.060,,0.019,0.090,11.2,80,555,0.021,,0.09,,0.44,
6/24/2013,6/30/2013,29,,100.0,"3,600",277,"1,986",96,9.1,9.0,0.091,0.103,0.091,0.059,0.060,18.5,< 1,1.10,,0.050,,0.019,0.160,10.9,65,618,0.006,,0.20,0.003,0.42,
7/1/2013,7/7/2013,29,TV71,97.7,"3,519",276,"1,936",93,9.3,9.2,0.123,0.124,0.108,0.058,0.058,17.9,< 1,1.90,,0.050,,0.023,0.095,9.7,35,297,0.040,5.1,,,,
7/8/2013,7/14/2013,29,,99.6,"3,585",277,"1,977",94,9.2,9.1,0.092,0.106,0.091,0.059,0.059,18.4,< 1,1.20,0.010,0.020,,0.020,0.120,10.6,55,408,0.040,1.0,0.09,0.004,0.43,
7/15/2013,7/21/2013,29,,98.7,"3,553",277,"1,957",94,9.2,9.2,0.091,0.100,0.091,0.060,0.060,18.1,< 1,1.50,,0.060,,0.018,0.070,10.7,72,525,0.011,,0.04,0.005,0.40,
7/22/2013,7/28/2013,29,,96.5,"3,473",276,"1,908",92,9.2,9.1,0.090,0.103,0.091,0.061,0.061,17.5,< 1,1.30,,0.040,,0.018,0.080,10.9,92,660,0.015,,0.08,0.004,0.45,
7/29/2013,8/4/2013,29,,97.5,"3,511",277,"1,931",94,9.3,9.2,0.089,0.100,0.090,0.062,0.062,17.8,< 1,1.10,,0.030,,0.021,0.120,11.0,105,813,0.012,,0.07,0.006,0.39,
8/5/2013,8/11/2013,29,,99.2,"3,570",277,"1,967",95,9.1,9.0,0.091,0.107,0.091,0.059,0.061,18.3,< 1,1.10,,,,0.018,0.090,10.2,60,580,0.011,,0.26,0.008,,
8/12/2013,8/18/2013,29,,99.9,"3,595",277,"1,983",99,9.2,9.1,0.089,0.101,0.089,0.059,0.060,18.5,< 1,1.50,,0.040,,,0.060,10.3,45,480,0.013,,0.15,0.008,0.41,
8/19/2013,8/25/2013,29,,99.0,"3,564",277,"1,963",100,9.2,9.1,0.090,0.101,0.091,0.061,0.061,18.2,< 1,0.80,,0.040,,0.017,0.060,10.9,57,593,0.011,,0.06,0.008,,
8/26/2013,9/1/2013,29,,91.0,"3,276",277,"1,795",94,9.3,9.2,0.105,0.109,0.098,0.059,0.059,16.9,< 1,1.00,,0.020,,0.016,0.070,11.3,48,693,0.008,,,,,
9/2/2013,9/8/2013,shutdown,,1.4,50,69,53,32,6.5,4.7,0.433,0.739,0.569,0.187,0.221,-0.6,<1.5E+00,,,,,,,,52,,,,,,,
9/9/2013,9/15/2013,shutdown,,0.0,0,30,28,31,0.5,0.0,0.967,0.995,0.820,0.426,0.485,-1.0,,,,,,,,,70,,,,,,,
9/16/2013,9/22/2013,shutdown,,0.0,0,35,10,32,-0.1,0.3,1.000,1.119,0.931,0.491,0.572,0.0,,,,,,,,14.7,82,150,,,,,,
9/23/2013,9/29/2013,shutdown,,20.2,726,178,374,41,6.3,6.4,0.488,0.740,0.479,0.260,0.285,2.8,7,,,,,,,50.0,193,290,,,,,,
9/30/2013,10/6/2013,30,,97.5,"3,510",276,"1,933",85,9.2,9.0,0.087,0.114,0.089,0.064,0.064,17.1,4,2.20,0.040,0.320,,0.032,0.160,7.5,117,625,0.013,,0.14,0.005,0.55,
10/7/2013,10/13/2013,30,,100.0,"3,600",276,"1,987",87,9.1,8.9,0.089,0.108,0.090,0.061,0.061,18.5,5,1.50,,0.220,,0.027,0.150,8.9,100,803,0.002,,0.08,0.006,0.49,
10/14/2013,10/20/2013,30,,100.0,"3,600",276,"1,987",86,9.2,9.0,0.089,0.096,0.090,0.060,0.060,18.5,< 1,1.10,,0.170,,0.025,0.130,9.2,40,495,0.004,,0.06,0.005,0.43,
10/21/2013,10/27/2013,30,,100.0,"3,599",276,"1,986",86,9.3,9.1,0.089,0.093,0.089,0.062,0.062,18.5,< 1,1.50,,0.140,,0.023,0.120,9.6,53,735,0.002,,0.01,0.006,0.43,
10/28/2013,11/3/2013,30,,100.0,"3,600",276,"1,987",86,9.2,9.0,0.087,0.095,0.089,0.060,0.060,18.5,< 1,1.20,,0.140,,0.022,0.100,10.1,65,918,0.002,,0.12,0.004,0.42,
11/4/2013,11/10/2013,30,,100.0,"3,600",276,"1,987",85,9.2,9.0,0.090,0.095,0.091,0.059,0.059,18.5,< 1,1.50,,0.140,,0.022,0.100,9.7,30,328,0.002,,0.24,0.004,0.38,
11/11/2013,11/17/2013,30,,100.0,"3,599",276,"1,986",86,9.2,9.0,0.089,0.094,0.089,0.060,0.059,18.5,< 1,0.90,,0.090,,0.022,0.090,9.7,37,470,0.002,,0.36,0.006,,
11/18/2013,11/24/2013,30,,100.0,"3,600",276,"1,987",87,9.2,9.0,0.088,0.092,0.088,0.060,0.060,18.5,< 1,1.10,,0.090,,0.019,0.090,9.7,45,555,< 0.001,,0.29,,0.39,
11/25/2013,12/1/2013,30,,100.0,"3,600",276,"1,987",86,9.1,8.9,0.087,0.099,0.090,0.059,0.059,18.5,< 1,0.90,,0.090,,0.022,0.080,10.1,53,645,< 0.001,,0.20,0.005,0.40,
12/2/2013,12/8/2013,30,,99.0,"3,563",276,"1,963",85,9.1,9.0,0.121,0.124,0.105,0.057,0.057,18.2,< 1,1.00,,0.080,,0.020,0.080,9.6,22,239,0.018,3.1,0.17,0.003,0.39,
12/9/2013,12/15/2013,30,TV71,100.0,"3,600",277,"1,986",88,9.2,9.1,0.126,0.125,0.106,0.058,0.058,18.5,< 1,4.20,0.020,0.090,,0.028,0.210,9.1,28,332,0.056,3.3,0.25,0.005,0.42,
12/16/2013,12/22/2013,30,TV71,100.0,"3,600",277,"1,986",88,9.2,9.1,0.120,0.113,0.106,0.059,0.059,18.5,< 1,5.10,,0.070,,0.029,0.200,8.7,40,434,0.056,3.4,0.25,0.004,0.40,
12/23/2013,12/29/2013,30,,100.0,"3,600",277,"1,986",88,9.1,9.0,0.093,0.098,0.089,0.060,0.060,18.5,< 1,,,,,,,,50,,,,,,,
12/30/2013,1/5/2014,30,,100.0,"3,600",277,"1,986",88,9.1,9.0,0.087,0.096,0.088,0.060,0.061,18.5,< 1,,,,0.107,,,,63,,,,,,,0.021
1/6/2014,1/12/2014,30,,99.9,"3,598",277,"1,985",88,9.1,9.0,0.088,0.097,0.089,0.061,0.061,18.5,< 1,1.20,,0.050,0.102,0.018,0.070,9.9,63,623,0.009,,0.17,0.004,0.40,0.032
1/13/2014,1/19/2014,30,,100.0,"3,599",277,"1,986",89,9.1,8.9,0.091,0.100,0.091,0.059,0.059,18.5,< 1,1.10,,0.060,0.119,0.020,0.100,10.1,55,688,0.008,,0.18,0.004,0.42,0.025
1/20/2014,1/26/2014,30,,100.0,"3,600",277,"1,986",89,9.1,9.0,0.091,0.100,0.091,0.058,0.058,18.5,< 1,0.80,,0.070,0.244,0.019,0.070,9.6,22,225,0.006,,0.30,0.004,0.42,0.038
1/27/2014,2/2/2014,30,,100.0,"3,600",277,"1,986",89,9.1,9.0,0.090,0.098,0.090,0.058,0.058,18.5,< 1,1.10,,0.060,0.109,0.020,0.070,9.9,35,333,0.005,,0.28,,0.42,0.024
2/3/2014,2/9/2014,30,,100.0,"3,599",277,"1,985",89,9.1,9.0,0.090,0.098,0.090,0.059,0.059,18.5,< 1,1.20,,0.060,,0.020,0.070,10.1,45,425,0.015,,0.44,0.003,0.42,
2/10/2014,2/16/2014,30,,100.0,"3,600",277,"1,986",89,9.1,9.0,0.089,0.097,0.090,0.060,0.060,18.5,< 1,1.10,,0.050,,0.020,0.060,10.2,53,498,0.012,,0.20,0.003,0.43,
2/17/2014,2/23/2014,30,,99.2,"3,573",276,"1,969",88,9.2,9.0,0.106,0.114,0.105,0.061,0.061,18.3,< 1,0.80,,0.050,,0.020,0.060,10.0,60,555,0.022,4.0,0.13,0.001,,
2/24/2014,3/2/2014,30,,100.0,"3,600",277,"1,986",89,9.0,8.9,0.091,0.104,0.092,0.059,0.059,18.5,< 1,1.30,,0.050,,0.019,0.070,10.1,50,583,0.016,,0.29,0.004,0.43,
3/3/2014,3/9/2014,30,,100.0,"3,600",277,"1,987",90,9.2,9.0,0.092,0.101,0.091,0.058,0.058,18.6,< 1,1.30,0.010,0.060,,0.020,0.090,9.7,23,220,0.009,,0.35,0.006,0.43,
3/10/2014,3/16/2014,30,,100.0,"3,600",277,"1,986",90,9.2,9.0,0.090,0.097,0.090,0.058,0.058,18.6,< 1,1.10,,0.060,,0.022,0.070,9.7,33,303,0.015,,0.28,0.005,0.41,
3/17/2014,3/23/2014,30,,100.0,"3,599",277,"1,985",90,9.1,9.0,0.105,0.107,0.104,0.059,0.059,18.5,< 1,1.30,,0.040,,0.020,0.080,9.7,45,418,0.022,3.6,0.16,0.004,0.42,
3/24/2014,3/30/2014,30,,100.0,"3,599",277,"1,985",90,9.0,8.9,0.089,0.093,0.089,0.059,0.060,18.5,< 1,1.20,,0.120,,0.020,0.120,9.9,50,460,0.021,,0.17,0.003,0.42,
3/31/2014,4/6/2014,30,,100.0,"3,599",277,"1,985",91,9.2,9.0,0.089,0.092,0.089,0.060,0.060,18.5,< 1,1.10,,0.050,,0.021,0.070,10.2,67,560,0.010,,0.31,0.004,0.43,
4/7/2014,4/13/2014,30,,100.0,"3,599",277,"1,985",91,9.2,9.0,0.092,0.095,0.091,0.058,0.058,18.5,< 1,1.10,,0.060,,0.021,0.070,10.1,37,408,0.006,,0.07,0.004,0.42,
4/14/2014,4/20/2014,30,,99.9,"3,598",277,"1,985",91,9.2,9.1,0.091,0.094,0.091,0.058,0.058,18.5,< 1,0.80,,0.040,,0.021,0.070,9.9,28,288,0.008,,0.23,0.005,0.41,
4/21/2014,4/27/2014,30,,100.0,"3,599",277,"1,986",92,9.2,9.1,0.091,0.093,0.090,0.059,0.059,18.5,< 1,0.80,,0.060,,0.020,0.070,9.9,38,437,0.010,,0.10,0.004,0.39,
4/28/2014,5/4/2014,30,,100.0,"3,599",277,"1,986",93,9.2,9.1,0.103,0.105,0.102,0.060,0.060,18.5,< 1,1.00,,0.050,,0.020,0.080,10.0,52,505,0.017,3.3,0.20,0.007,0.40,
5/5/2014,5/11/2014,30,,100.0,"3,600",277,"1,986",93,9.1,8.9,0.090,0.094,0.091,0.058,0.058,18.5,< 1,1.10,,0.040,,0.021,0.050,9.9,35,415,0.017,,0.17,0.007,0.40,
5/12/2014,5/18/2014,30,,100.0,"3,599",277,"1,986",94,9.2,9.0,0.090,0.093,0.091,0.058,0.058,18.5,< 1,0.90,,0.050,,0.019,0.060,9.9,25,320,0.005,,0.15,0.003,0.38,
5/19/2014,5/25/2014,30,,100.0,"3,599",277,"1,986",95,9.2,9.0,0.091,0.094,0.091,0.059,0.059,18.5,< 1,0.90,,0.040,,0.017,0.060,10.1,40,423,0.006,,0.12,0.004,0.39,
5/26/2014,6/1/2014,30,,99.2,"3,571",277,"1,969",93,9.0,8.9,0.092,0.094,0.094,0.058,0.058,18.3,< 1,0.90,,0.050,,0.018,0.050,10.3,35,500,0.005,,0.04,0.003,0.38,
6/2/2014,6/8/2014,30,,99.6,"3,587",277,"1,978",91,9.2,9.0,0.096,0.099,0.100,0.058,0.058,18.4,< 1,1.00,,0.040,,0.019,0.050,10.3,23,230,0.025,,0.17,,0.41,
6/9/2014,6/15/2014,30,,99.2,"3,570",277,"1,968",91,9.1,8.9,0.091,0.093,0.092,0.058,0.059,18.3,< 1,0.90,,0.050,,0.021,0.040,10.2,40,388,0.007,,0.07,0.004,0.39,
6/16/2014,6/22/2014,30,,100.0,"3,599",277,"1,986",94,9.1,9.0,0.091,0.093,0.091,0.059,0.059,18.5,< 1,0.90,,0.050,,0.020,0.020,10.3,45,467,,,0.09,0.004,0.39,
6/23/2014,6/29/2014,30,,100.0,"3,598",277,"1,986",96,9.1,8.9,0.091,0.094,0.093,0.059,0.059,18.5,< 1,1.10,,0.062,,0.020,0.039,10.3,53,563,0.008,,0.10,0.004,0.37,
6/30/2014,7/6/2014,30,,84.4,"3,039",276,"1,673",85,9.2,9.0,0.123,0.104,0.110,0.058,0.058,15.3,< 1,1.00,0.010,0.060,,0.019,,10.4,20,258,0.005,,0.15,0.003,0.40,
7/7/2014,7/13/2014,30,,94.4,"3,397",276,"1,863",87,9.2,9.0,0.091,0.093,0.092,0.060,0.060,17.0,< 1,1.40,0.020,,,0.023,,9.0,37,487,0.028,,0.10,0.004,0.39,
7/14/2014,7/20/2014,30,,97.8,"3,521",277,"1,938",96,9.1,8.9,0.092,0.091,0.093,0.059,0.059,17.6,< 1,0.90,,0.490,,0.021,0.080,9.2,38,484,0.007,,0.07,0.003,0.41,
7/21/2014,7/27/2014,30,,98.2,"3,535",278,"1,947",101,9.2,9.0,0.091,0.091,0.091,0.059,0.059,18.0,< 1,0.80,,0.260,,0.021,0.100,9.0,25,457,0.003,,0.09,0.003,0.39,
7/28/2014,8/3/2014,30,,96.7,"3,481",278,"1,913",100,9.2,9.1,0.090,0.090,0.089,0.061,0.061,17.6,< 1,0.80,,0.220,,0.019,0.090,9.9,38,625,0.002,,,,0.41,
8/4/2014,8/10/2014,30,,88.0,"3,170",278,"1,731",93,9.1,8.9,0.091,0.156,0.104,0.061,0.061,10.7,< 1,0.80,,0.210,,0.018,0.080,10.0,40,808,0.005,,0.13,0.004,0.39,
8/11/2014,8/17/2014,30,,1.0,35,69,42,33,6.2,4.5,0.420,0.298,0.535,0.272,0.239,0.1,,,,,,,,,47,,,,,,,
8/18/2014,8/24/2014,shutdown,,0.3,11,29,30,31,0.4,-0.3,1.033,0.416,0.750,0.547,0.471,-0.1,,,,,,,,8.1,87,130,,,,,,
8/25/2014,8/31/2014,shutdown,,0.2,8,28,36,31,-0.8,-0.4,1.100,0.199,0.770,0.629,0.564,0.0,,,,,,,,9.3,83,125,,,,,,
9/1/2014,9/7/2014,shutdown,,0.0,1,38,19,31,2.0,2.1,1.033,0.106,0.827,0.695,0.637,0.0,,,,,,,,,80,,,,,,,
9/8/2014,9/14/2014,shutdown,,28.3,"1,017",184,546,43,7.2,7.1,0.432,0.344,0.441,0.344,0.326,3.7,,,,,,,,,62,,,,,,,
9/15/2014,9/21/2014,31,,100.0,"3,600",276,"1,986",91,9.1,8.9,0.085,0.097,0.087,0.064,0.065,18.1,< 1,1.90,0.010,0.370,,0.040,0.570,5.8,117,630,0.015,,0.03,0.004,0.39,
9/22/2014,9/28/2014,31,,100.0,"3,600",276,"1,986",90,9.2,9.0,0.090,0.113,0.087,0.058,0.058,18.5,< 1,1.20,,0.260,,0.035,0.660,7.7,25,298,0.002,,0.05,0.006,0.39,
9/29/2014,10/5/2014,31,,100.0,"3,600",276,"1,986",88,9.2,9.0,0.087,0.112,0.088,0.059,0.059,18.5,< 1,1.00,,0.170,,0.030,0.170,8.5,40,388,0.002,,0.12,0.004,0.38,
10/6/2014,10/12/2014,31,,99.9,"3,598",276,"1,984",87,9.2,9.0,0.086,0.107,0.086,0.060,0.060,18.5,< 1,0.90,,0.180,,0.026,0.130,8.8,53,483,0.004,,0.07,0.004,0.32,
10/13/2014,10/19/2014,31,,99.9,"3,595",276,"1,982",87,9.2,9.1,0.086,0.105,0.086,0.060,0.060,18.5,< 1,0.90,,0.150,,0.024,0.120,9.1,65,553,0.006,,0.08,0.004,0.35,
10/20/2014,10/26/2014,31,,100.0,"3,599",276,"1,985",86,8.9,8.8,0.089,0.108,0.090,0.058,0.058,18.5,< 1,0.80,,0.150,,0.023,0.120,9.1,33,320,,,,,0.32,
10/27/2014,11/2/2014,31,,100.0,"3,599",276,"1,985",86,9.1,9.0,0.091,0.107,0.091,0.058,0.058,18.5,< 1,1.40,,0.120,,0.020,0.105,9.5,25,250,0.002,,0.17,0.004,0.32,
11/3/2014,11/9/2014,31,,99.3,"3,575",275,"1,970",85,9.1,8.9,0.090,0.105,0.090,0.058,0.058,18.3,< 1,0.80,,0.110,,0.021,0.110,9.8,33,280,0.002,,,,0.38,
11/10/2014,11/16/2014,31,,100.0,"3,600",276,"1,985",87,9.0,8.8,0.087,0.104,0.088,0.058,0.059,18.5,< 1,1.00,,0.103,,0.019,0.087,8.3,40,348,0.006,,0.18,0.003,0.29,
11/17/2014,11/23/2014,31,,99.8,"3,592",276,"1,980",87,9.0,8.8,0.090,0.107,0.091,0.058,0.058,18.5,< 1,1.50,,0.096,,0.023,0.095,10.2,37,400,0.007,,0.15,0.006,0.35,
11/24/2014,11/30/2014,31,TV71,100.0,"3,600",276,"1,985",87,9.2,9.0,0.122,0.126,0.105,0.057,0.057,18.6,< 1,0.70,,0.090,,0.020,0.090,8.7,18,178,0.038,2.8,0.13,0.005,0.31,
12/1/2014,12/7/2014,31,TV71,99.9,"3,598",276,"1,984",88,9.1,9.0,0.130,0.130,0.106,0.057,0.057,18.6,< 1,4.10,,0.095,,0.027,0.260,8.6,28,240,0.103,3.1,0.19,0.005,0.32,
12/8/2014,12/14/2014,31,TV71,100.0,"3,600",276,"1,985",88,9.1,9.0,0.126,0.120,0.106,0.058,0.058,18.6,< 1,6.10,0.010,0.085,,0.028,0.250,8.2,33,265,0.120,3.4,0.25,0.005,0.33,
12/15/2014,12/21/2014,31,TV71,100.0,"3,599",276,"1,985",88,9.1,9.0,0.102,0.104,0.096,0.058,0.058,18.6,< 1,5.40,,0.110,,0.027,0.248,8.2,47,315,0.051,,0.10,0.006,0.34,
12/22/2014,12/28/2014,31,,100.0,"3,600",276,"1,985",88,9.2,9.0,0.087,0.105,0.090,0.057,0.057,18.6,< 1,1.00,,0.110,,0.018,0.089,8.6,40,332,0.022,,0.19,0.006,0.34,
12/29/2014,1/4/2015,31,,100.0,"3,600",276,"1,985",88,9.2,9.0,0.091,0.105,0.091,0.057,0.057,18.6,< 1,,,,,,,,15,145,,,,,,
1/5/2015,1/11/2015,31,,99.9,"3,598",276,"1,984",88,9.1,9.0,0.089,0.118,0.090,0.057,0.057,18.6,< 1,1.10,,0.070,0.142,0.018,0.060,9.1,28,173,0.014,1.0,0.13,0.003,0.31,0.026
1/12/2015,1/18/2015,31,,100.0,"3,600",276,"1,985",88,9.1,8.9,0.088,0.100,0.089,0.057,0.057,18.6,< 1,1.10,0.020,0.070,0.153,0.019,0.082,8.5,35,195,0.010,,0.80,0.004,0.29,0.025
1/19/2015,1/25/2015,31,,78.4,"2,821",274,"1,548",74,9.1,8.9,0.132,0.100,0.099,0.059,0.058,12.0,41,,,,0.148,,,9.1,64,235,0.007,,,,0.34,0.027
1/26/2015,2/1/2015,31,,99.6,"3,584",276,"1,976",93,9.0,8.8,0.081,0.107,0.082,0.059,0.059,18.3,< 1,1.30,0.010,0.280,0.246,0.030,0.150,6.7,58,379,0.009,,0.12,0.006,0.33,0.033
2/2/2015,2/8/2015,31,,100.0,"3,599",276,"1,985",91,9.0,8.9,0.084,0.100,0.086,0.058,0.058,18.6,< 1,1.10,0.010,0.210,,0.027,0.120,8.2,72,478,0.006,,0.15,0.004,0.35,
2/9/2015,2/15/2015,31,,100.0,"3,600",276,"1,985",91,9.0,8.9,0.089,0.100,0.089,0.057,0.057,18.6,< 1,2.80,,0.176,,0.025,0.123,8.2,20,185,0.006,,0.23,0.005,0.36,
2/16/2015,2/22/2015,31,,100.0,"3,598",276,"1,984",91,9.0,8.9,0.088,0.100,0.089,0.058,0.058,18.6,< 1,3.00,,0.160,,0.024,0.100,9.3,32,260,0.004,1.1,0.58,0.004,0.37,
2/23/2015,3/1/2015,31,,100.0,"3,599",276,"1,985",91,9.0,8.9,0.105,0.100,0.102,0.058,0.058,18.6,< 1,1.60,0.010,0.120,,0.021,0.090,8.8,37,330,0.055,3.4,0.22,0.004,0.36,
3/2/2015,3/8/2015,31,,100.0,"3,599",276,"1,985",92,9.0,8.9,0.087,0.100,0.087,0.059,0.059,18.6,< 1,1.20,,0.120,,0.020,0.080,8.8,48,385,0.006,,0.14,0.002,0.33,
3/9/2015,3/15/2015,31,,100.0,"3,599",276,"1,985",92,9.0,8.9,0.087,0.100,0.088,0.059,0.059,18.6,< 1,1.00,,0.124,,0.020,0.090,9.2,57,433,0.009,,0.73,0.004,0.37,
3/16/2015,3/22/2015,31,,99.9,"3,598",276,"1,984",92,9.0,8.9,0.088,0.100,0.088,0.060,0.060,18.6,< 1,,,,,,,,60,,0.003,,,,0.36,
3/23/2015,3/29/2015,31,,100.0,"3,599",276,"1,984",92,9.0,8.8,0.090,0.100,0.091,0.058,0.058,18.6,< 1,1.30,,0.129,,0.020,0.070,9.6,53,503,0.003,,0.12,0.004,0.35,
3/30/2015,4/5/2015,31,,73.2,"2,637",238,"1,457",77,9.2,9.0,0.130,0.100,0.118,0.058,0.058,13.5,8,0.80,,0.110,,0.021,0.070,9.3,20,188,0.004,,0.15,0.004,0.36,
4/6/2015,4/12/2015,31,,73.3,"2,638",246,"1,442",74,9.3,9.1,0.117,0.100,0.110,0.061,0.061,12.9,10,,,,,,,6.7,39,323,0.034,,0.23,0.004,0.40,
4/13/2015,4/19/2015,31,,100.0,"3,599",276,"1,985",89,9.3,9.1,0.088,0.100,0.089,0.056,0.057,18.6,< 1,1.80,0.010,0.220,,0.027,0.100,7.8,17,123,0.017,,,,0.39,
4/20/2015,4/26/2015,31,,100.0,"3,599",276,"1,985",90,9.2,9.1,0.090,0.100,0.091,0.057,0.057,18.6,< 1,1.20,,0.170,,0.025,0.100,8.7,25,168,0.014,,0.11,0.003,0.38,
4/27/2015,5/3/2015,31,,100.0,"3,599",276,"1,985",91,9.2,9.1,0.092,0.100,0.092,0.057,0.057,18.6,< 1,0.80,,0.150,,0.024,0.050,9.3,30,205,0.009,,0.12,0.004,0.37,
5/4/2015,5/10/2015,31,,100.0,"3,599",276,"1,985",92,9.2,9.0,0.111,0.100,0.107,0.058,0.058,18.7,< 1,1.10,,0.140,,0.023,0.050,9.4,42,275,0.092,3.1,0.09,0.004,0.35,
5/11/2015,5/17/2015,31,,100.0,"3,598",276,"1,985",93,9.1,9.0,0.091,0.100,0.091,0.058,0.058,18.7,< 1,1.10,0.010,0.140,,0.021,0.070,9.2,53,308,0.035,,0.09,0.005,0.34,
5/18/2015,5/24/2015,31,,100.0,"3,600",277,"1,986",94,9.1,9.0,0.090,0.100,0.090,0.058,0.058,18.7,< 1,1.50,,0.140,,0.020,0.080,9.6,58,345,0.020,,0.07,0.004,0.34,
5/25/2015,5/31/2015,31,,100.0,"3,600",277,"1,985",95,9.1,9.0,0.090,0.100,0.090,0.059,0.059,18.7,< 1,1.50,,0.140,,0.019,0.070,9.8,70,388,0.013,,0.09,0.007,0.36,
6/1/2015,6/7/2015,31,,99.3,"3,576",277,"1,971",95,9.1,9.0,0.091,0.106,0.093,0.057,0.057,18.5,< 1,1.00,,0.150,,0.020,0.080,9.8,60,433,0.008,,,,0.35,
6/8/2015,6/14/2015,31,,99.9,"3,597",277,"1,984",98,9.2,9.1,0.094,0.109,0.094,0.057,0.057,18.7,< 1,1.80,,0.140,,0.020,0.070,9.6,23,140,0.007,,0.08,0.005,0.35,
6/15/2015,6/21/2015,31,,99.1,"3,568",277,"1,966",96,9.2,9.1,0.093,0.108,0.093,0.057,0.057,18.4,< 1,1.10,,0.130,,0.020,0.070,10.0,32,173,0.016,,0.15,0.001,0.33,
6/22/2015,6/28/2015,31,,100.0,"3,598",276,"1,985",90,9.2,9.1,0.091,0.105,0.091,0.057,0.057,18.7,< 1,0.80,,0.110,,0.022,0.070,9.6,42,198,0.003,,0.14,0.005,0.30,
6/29/2015,7/5/2015,31,,96.2,"3,464",275,"1,901",86,9.4,9.3,0.091,0.105,0.092,0.057,0.058,17.6,< 1,0.80,,0.110,,0.022,0.070,9.9,57,243,0.011,,0.05,0.005,0.31,
7/6/2015,7/12/2015,31,,98.6,"3,548",276,"1,954",92,9.0,8.9,0.091,0.103,0.091,0.058,0.058,18.3,< 1,0.70,,0.120,,0.022,0.080,10.0,65,273,0.002,,0.05,0.003,0.28,
7/13/2015,7/19/2015,31,,98.4,"3,544",277,"1,951",95,9.4,9.2,0.111,0.121,0.106,0.059,0.059,18.2,< 1,1.30,,0.100,,0.021,0.070,9.4,72,297,0.045,3.4,0.04,0.005,0.25,
7/20/2015,7/26/2015,31,,98.3,"3,538",277,"1,947",98,9.2,9.0,0.090,0.105,0.090,0.057,0.057,18.2,< 1,1.70,,0.090,,0.022,0.050,9.3,63,315,0.030,,0.04,0.005,0.24,
7/27/2015,8/2/2015,31,,98.1,"3,531",277,"1,943",100,9.2,9.1,0.091,0.101,0.091,0.056,0.056,18.1,< 1,1.10,,0.110,,0.020,0.040,9.0,23,110,0.014,,0.06,0.002,0.25,
8/3/2015,8/9/2015,31,,88.1,"3,172",276,"1,731",92,9.6,9.5,0.092,0.105,0.095,0.056,0.056,16.2,< 1,,,,,,,9.5,27,145,0.006,,,,0.26,
8/10/2015,8/16/2015,shutdown,,1.4,50,76,56,33,5.5,5.6,0.410,0.395,0.511,0.196,0.255,0.5,<1.0E+00,,,,,,,,38,,,,,,,
8/17/2015,8/23/2015,shutdown,,0.1,4,31,17,31,-0.9,-0.1,0.993,0.613,0.771,0.453,0.528,0.0,,,,,,,,,68,,,,,,,
8/24/2015,8/30/2015,shutdown,,0.0,0,30,37,31,-0.8,0.0,1.013,0.736,0.869,0.532,0.632,0.0,,,,,,,,,70,,,,,,,
8/31/2015,9/6/2015,shutdown,,0.0,0,33,35,33,1.5,1.7,1.000,1.694,1.014,0.578,0.695,0.0,,,,,,,,,70,,,,,,,
9/7/2015,9/13/2015,shutdown,,0.0,0,53,20,37,9.2,9.0,1.064,1.860,1.101,0.888,0.902,0.0,,,,,,,,,59,,,,,,,
9/14/2015,9/20/2015,32,,46.5,"1,671",234,895,58,8.9,8.8,0.422,0.829,0.399,0.339,0.337,6.8,< 1,,,,,,,,77,,,,,,,
9/21/2015,9/27/2015,32,,94.8,"3,415",278,"1,880",92,9.4,9.2,0.083,0.094,0.087,0.057,0.057,17.0,< 1,1.80,,0.280,,0.030,0.130,5.5,40,98,0.008,,0.09,0.004,0.29,
9/28/2015,10/4/2015,32,,70.6,"2,539",261,"1,389",73,9.6,9.4,0.115,0.106,0.101,0.058,0.058,12.4,57,,,,,,,6.4,57,115,0.012,,,,0.35,
10/5/2015,10/11/2015,32,,99.9,"3,595",277,"1,983",94,9.6,9.4,0.093,0.115,0.088,0.057,0.057,18.6,< 1,2.00,,0.220,,0.030,0.160,7.3,72,138,0.004,,0.04,0.003,0.33,
10/12/2015,10/18/2015,32,,76.8,"2,766",255,"1,529",80,9.5,9.4,0.100,0.131,0.101,0.058,0.058,14.3,25,1.50,,0.180,,0.026,0.100,8.8,78,133,0.003,,0.16,,0.34,
10/19/2015,10/25/2015,shutdown,,0.0,0,68,27,41,9.9,9.7,0.300,0.288,0.327,0.146,0.153,0.0,265,,,,,,,,50,,,,,,,
10/26/2015,11/1/2015,shutdown,,0.2,9,70,28,40,9.8,9.7,0.531,0.492,0.514,0.364,0.339,0.0,477,,,,,,,,120,60,,,,,,
11/2/2015,11/8/2015,32,,88.9,"3,199",276,"1,750",87,9.5,9.4,0.087,0.096,0.087,0.063,0.063,15.8,< 1,,,,,,,6.8,100,130,0.007,,,,0.36,
11/9/2015,11/15/2015,32,,100.0,"3,600",278,"1,986",95,9.5,9.4,0.087,0.100,0.088,0.058,0.058,18.7,< 1,1.50,,0.220,,0.028,0.090,8.2,122,143,0.007,,0.10,,0.36,
11/16/2015,11/22/2015,32,,100.0,"3,599",278,"1,986",96,9.5,9.4,0.091,0.102,0.091,0.058,0.058,18.7,< 1,1.90,,0.190,,0.020,0.090,9.6,140,145,0.007,,0.10,,0.35,
11/23/2015,11/29/2015,32,,100.0,"3,599",277,"1,985",95,9.5,9.4,0.090,0.104,0.090,0.058,0.058,18.6,< 1,1.00,,0.180,,0.020,0.080,9.5,145,153,0.005,,0.23,,0.32,
11/30/2015,12/6/2015,32,,100.0,"3,598",277,"1,985",93,9.5,9.3,0.104,0.110,0.099,0.056,0.057,18.6,< 1,0.70,,0.180,,0.020,0.080,9.2,118,101,0.014,4.3,0.14,,0.26,
12/7/2015,12/13/2015,32,,100.0,"3,599",277,"1,985",93,9.5,9.4,0.113,0.125,0.109,0.056,0.056,18.7,< 1,1.20,,0.080,,0.020,0.040,8.4,32,55,0.139,4.1,0.17,0.003,0.29,
12/14/2015,12/20/2015,32,,100.0,"3,599",277,"1,986",93,9.5,9.4,0.091,0.106,0.091,0.056,0.056,18.7,< 1,0.90,,0.130,,0.020,0.030,8.5,37,63,0.128,,0.20,0.004,0.27,
12/21/2015,12/27/2015,32,,100.0,"3,599",277,"1,985",93,9.5,9.4,0.091,0.103,0.092,0.056,0.057,18.6,< 1,0.90,,0.150,,0.020,0.050,9.0,48,65,0.030,,0.16,0.006,0.26,
12/28/2015,1/3/2016,32,,100.0,"3,598",277,"1,985",93,9.5,9.4,0.092,0.103,0.091,0.057,0.057,18.6,< 1,,,,,,,,55,,,,,,,
1/4/2016,1/10/2016,32,,100.0,"3,599",277,"1,985",93,9.5,9.4,0.092,0.107,0.092,0.057,0.057,18.6,2,0.90,,0.070,0.194,0.020,0.030,9.0,63,75,0.009,,0.17,0.004,0.28,0.022
1/11/2016,1/17/2016,32,,100.0,"3,599",277,"1,985",93,9.5,9.4,0.092,0.105,0.092,0.057,0.057,18.6,1,0.90,,0.110,0.189,0.020,0.070,9.4,73,75,0.006,,0.25,0.004,0.27,0.022
1/18/2016,1/24/2016,32,,100.0,"3,599",277,"1,985",93,9.5,9.4,0.091,0.104,0.092,0.058,0.057,18.6,< 1,0.70,,0.110,0.184,0.020,0.080,9.2,78,75,0.004,,0.21,0.003,0.27,0.031
1/25/2016,1/31/2016,32,,100.0,"3,599",277,"1,984",93,9.5,9.4,0.092,0.103,0.093,0.058,0.058,18.6,< 1,0.70,,0.110,0.201,0.020,0.090,9.5,85,80,0.005,,0.20,0.004,0.27,0.029
2/1/2016,2/7/2016,32,,100.0,"3,600",277,"1,984",93,9.4,9.3,0.094,0.105,0.094,0.057,0.057,18.6,< 1,0.80,0.010,0.120,,0.020,0.080,9.7,63,80,0.006,,0.04,0.004,0.28,
2/8/2016,2/14/2016,32,,99.1,"3,566",277,"1,964",90,9.4,9.4,0.091,0.105,0.092,0.056,0.056,18.4,1,0.90,,0.100,,0.020,0.070,9.3,18,25,0.005,,0.24,0.004,0.26,
2/15/2016,2/21/2016,32,,100.0,"3,600",277,"1,985",90,9.3,9.2,0.110,0.130,0.114,0.056,0.056,18.7,< 1,1.00,0.010,0.070,,0.020,0.060,8.9,32,29,0.050,3.7,0.16,0.005,0.27,
2/22/2016,2/28/2016,32,,100.0,"3,599",277,"1,985",91,9.2,9.2,0.101,0.115,0.097,0.056,0.057,18.7,< 1,0.80,,0.070,,0.020,0.020,8.6,40,35,0.053,3.6,0.04,0.005,0.28,
2/29/2016,3/6/2016,32,,100.0,"3,600",277,"1,985",91,9.2,9.2,0.092,0.108,0.092,0.056,0.057,18.7,< 1,0.90,,0.060,,0.020,0.080,8.7,45,35,0.011,,0.16,,0.27,
3/7/2016,3/13/2016,32,,99.9,"3,598",277,"1,985",91,9.3,9.2,0.093,0.108,0.094,0.057,0.057,18.7,< 1,0.90,,0.080,,0.023,,9.0,52,42,0.011,1.0,0.18,0.001,0.31,
3/14/2016,3/20/2016,32,,100.0,"3,600",277,"1,985",91,9.2,9.2,0.095,0.106,0.095,0.057,0.058,18.7,< 1,0.90,,0.080,,0.022,0.060,9.8,57,45,0.015,,0.19,0.002,0.32,
3/21/2016,3/27/2016,32,,100.0,"3,600",277,"1,985",91,9.2,9.2,0.094,0.106,0.095,0.057,0.058,18.7,< 1,0.70,,0.070,,0.021,0.090,9.8,65,45,0.006,,0.21,0.002,0.32,
3/28/2016,4/3/2016,32,,100.0,"3,599",277,"1,985",90,9.2,9.2,0.095,0.108,0.096,0.058,0.059,18.7,< 1,0.80,,0.070,,0.022,0.080,10.1,73,53,0.005,,0.12,0.002,0.32,
4/4/2016,4/10/2016,32,,100.0,"3,599",277,"1,985",90,9.3,9.2,0.105,0.122,0.109,0.056,0.056,18.7,< 1,0.80,,0.090,,0.021,,9.6,38,28,0.038,2.8,0.16,0.003,0.31,
4/11/2016,4/17/2016,32,,99.0,"3,565",277,"1,964",89,9.4,9.4,0.108,0.120,0.104,0.056,0.056,18.4,< 1,1.20,,,,0.021,,8.8,23,21,0.036,2.6,,0.002,0.32,
4/18/2016,4/24/2016,32,,100.0,"3,599",277,"1,985",92,9.4,9.3,0.093,0.108,0.094,0.056,0.056,18.7,< 1,1.00,0.010,0.070,,0.022,0.100,9.1,30,28,0.023,,0.14,0.003,0.31,
4/25/2016,5/1/2016,32,,100.0,"3,600",277,"1,985",92,9.4,9.3,0.094,0.107,0.094,0.057,0.056,18.7,< 1,0.80,,0.070,,0.020,0.150,9.5,37,33,0.012,,0.10,0.002,0.32,
5/2/2016,5/8/2016,32,,100.0,"3,599",277,"1,985",93,9.4,9.3,0.095,0.107,0.096,0.057,0.057,18.7,< 1,0.80,,,,0.021,0.060,9.7,45,35,0.008,,0.12,0.003,0.32,
5/9/2016,5/15/2016,32,,100.0,"3,598",277,"1,984",93,9.3,9.2,0.095,0.109,0.095,0.057,0.056,18.7,< 1,1.10,,0.080,,0.020,0.060,9.8,52,40,0.006,,0.09,0.002,0.31,
5/16/2016,5/22/2016,32,,100.0,"3,600",277,"1,986",93,9.4,9.4,0.115,0.130,0.116,0.056,0.056,18.7,< 1,0.90,,0.060,,0.020,0.060,9.4,17,15,0.020,3.3,0.21,0.002,0.33,
5/23/2016,5/29/2016,32,,100.0,"3,600",277,"1,986",94,9.4,9.4,0.101,0.119,0.099,0.056,0.056,18.7,< 1,1.60,,0.040,,0.020,0.040,9.2,25,20,0.024,3.3,0.10,0.003,0.34,
5/30/2016,6/5/2016,32,,100.0,"3,599",277,"1,986",94,9.4,9.4,0.095,0.113,0.095,0.056,0.057,18.7,< 1,0.80,,0.060,,0.020,0.030,9.4,33,28,0.008,,0.07,0.003,0.33,
6/6/2016,6/12/2016,32,,100.0,"3,599",277,"1,985",95,9.4,9.4,0.097,0.114,0.097,0.057,0.058,18.7,< 1,1.20,,0.070,,0.020,0.060,9.8,40,30,0.008,,0.15,0.003,0.32,
6/13/2016,6/19/2016,32,,100.0,"3,600",277,"1,985",96,9.4,9.3,0.096,0.114,0.097,0.057,0.058,18.7,< 1,1.70,,0.080,,0.020,0.060,9.7,50,35,0.007,,0.12,0.003,0.38,
6/20/2016,6/26/2016,32,,98.7,"3,554",277,"1,957",95,9.4,9.3,0.096,0.115,0.097,0.058,0.059,18.3,< 1,0.80,,0.080,,0.020,0.090,9.6,57,45,0.010,,0.07,0.003,0.35,
6/27/2016,7/3/2016,32,,99.9,"3,595",278,"1,983",99,9.4,9.3,0.095,0.114,0.096,0.058,0.060,18.7,< 1,1.30,,0.090,,0.020,0.060,10.3,67,65,0.009,,0.04,0.003,0.31,
7/4/2016,7/10/2016,32,,99.1,"3,566",278,"1,965",99,9.4,9.3,0.095,0.110,0.095,0.057,0.058,18.4,< 1,1.10,,0.090,,0.007,0.040,10.0,57,73,0.020,,,,0.30,
7/11/2016,7/17/2016,32,,98.5,"3,546",278,"1,952",100,9.4,9.4,0.117,0.141,0.121,0.056,0.056,18.3,< 1,1.10,,0.050,,0.020,0.070,9.4,27,32,0.021,3.2,0.06,0.003,0.31,
7/18/2016,7/24/2016,32,,97.0,"3,491",278,"1,918",99,9.5,9.4,0.096,0.118,0.096,0.056,0.056,17.8,< 1,1.40,,0.060,,0.018,0.060,9.4,42,38,0.027,,0.04,0.001,0.30,
7/25/2016,7/31/2016,32,,96.3,"3,467",278,"1,903",100,9.7,9.6,0.096,0.117,0.095,0.056,0.056,17.6,< 1,0.70,,0.050,,,0.070,9.8,38,40,0.009,,0.04,0.001,0.30,
8/1/2016,8/7/2016,32,,8.1,293,108,175,35,6.3,6.5,0.499,0.485,0.365,0.123,0.114,2.0,< 1,,,,,,,,27,37,,,,,,
8/8/2016,8/14/2016,shutdown,,0.0,0,30,47,31,-1.0,-0.8,0.900,0.791,0.673,0.347,0.320,0.0,,,,,,,,,45,,,,,,,
8/15/2016,8/21/2016,shutdown,,0.0,0,30,53,31,0.1,-0.5,0.900,0.983,0.747,0.437,0.434,-0.1,,,,,,,,,48,,,,,,,
8/22/2016,8/28/2016,shutdown,,0.0,0,29,25,31,7.5,7.2,0.867,1.259,0.748,0.525,0.501,0.0,,,,,,,,,45,,,,,,,
8/29/2016,9/4/2016,shutdown,,0.0,0,27,24,31,9.6,9.4,0.900,1.344,0.841,0.922,0.917,0.0,,,,,,,,,52,,,,,,,
9/5/2016,9/11/2016,shutdown,,0.0,0,27,26,31,9.9,9.7,0.900,1.442,0.926,0.940,0.933,0.0,,,,,,,,,55,,,,,,,
9/12/2016,9/18/2016,shutdown,,0.0,0,29,26,31,9.9,9.7,0.900,1.552,0.907,0.926,0.918,0.0,,,,,,,,,55,,,,,,,
9/19/2016,9/25/2016,shutdown,,0.0,0,31,26,31,9.9,9.7,0.900,1.653,0.883,0.902,0.897,0.0,,,,,,,,,53,,,,,,,
9/26/2016,10/2/2016,shutdown,,0.0,0,34,26,31,9.9,9.7,0.873,1.755,0.857,0.873,0.867,0.0,,,,,,,,,55,,,,,,,
10/3/2016,10/9/2016,shutdown,,0.0,0,35,26,31,9.9,9.7,0.823,1.871,0.824,0.843,0.838,0.0,,,,,,,,2.5,53,60,,1.1,,,,
10/10/2016,10/16/2016,shutdown,,0.0,0,32,32,31,9.8,9.6,0.873,1.965,0.876,0.892,0.886,0.0,,,,,,,,,55,,,,,,,
10/17/2016,10/23/2016,shutdown,,0.0,0,32,44,31,9.7,9.4,0.870,2.053,0.872,0.883,0.875,0.0,,,,,,,,,55,,,,,,,
10/24/2016,10/30/2016,shutdown,,0.0,0,32,45,31,9.4,9.2,0.833,2.140,0.850,0.704,0.644,0.0,,,,,,,,,45,,,,,,,
10/31/2016,11/6/2016,shutdown,,0.0,0,32,45,31,9.3,9.0,0.890,2.223,0.894,0.903,0.898,0.0,,,,,,,,,55,,,,,,,
11/7/2016,11/13/2016,shutdown,,0.0,0,31,44,31,9.2,9.0,0.880,2.299,0.887,0.894,0.889,0.0,,,,,,,,<1.0E+00,55,50,,,,,,
11/14/2016,11/20/2016,shutdown,,0.0,0,31,44,31,9.3,9.0,0.907,2.372,0.901,0.909,0.905,0.0,,,,,,,,,57,,,,,,,
11/21/2016,11/27/2016,shutdown,,0.0,0,31,45,31,9.3,9.0,0.923,2.449,0.932,0.937,0.932,0.0,,,,,,,,<1.0E+00,55,50,,,,,,
11/28/2016,12/4/2016,shutdown,,0.0,0,32,45,31,9.3,9.0,0.935,2.535,0.921,0.929,0.925,0.0,,,,,,,,<1.0E+00,55,50,,,,,,
12/5/2016,12/11/2016,shutdown,,0.0,0,35,45,31,9.5,9.2,0.883,2.617,0.888,0.894,0.888,0.0,,,,,,,,,57,,,,,,,
12/12/2016,12/18/2016,shutdown,,0.0,0,36,45,31,9.3,9.0,0.880,2.702,0.860,0.871,0.865,0.0,,,,,,,,<1.0E+00,57,50,,,,,,
12/19/2016,12/25/2016,shutdown,,0.0,0,37,39,31,9.2,9.0,0.803,2.797,0.807,0.629,0.620,0.0,,,,,,,,,45,,,,,,,
12/26/2016,1/1/2017,shutdown,,0.0,0,37,33,31,9.1,8.9,0.839,2.893,0.841,0.848,0.841,0.0,,,,,,,,,55,,,,,,,
1/2/2017,1/8/2017,shutdown,,0.0,0,35,36,31,9.1,8.9,0.850,2.985,0.854,0.861,0.853,0.0,,,,,,,,<1.0E+00,60,55,,,,,,
1/9/2017,1/15/2017,shutdown,,0.0,0,36,27,31,9.0,8.8,0.853,2.930,0.842,0.851,0.827,0.0,,,,,,,,,60,,,,,,,
1/16/2017,1/22/2017,shutdown,,0.0,0,37,28,31,9.0,8.8,0.833,2.384,0.837,0.841,0.835,0.0,,,,,,,,<1.0E+00,60,55,,,,,,
1/23/2017,1/29/2017,shutdown,,0.0,0,40,40,39,9.1,9.2,0.820,2.382,0.831,0.842,0.837,0.0,,,,,,,,,58,,,,,,,
1/30/2017,2/5/2017,shutdown,,0.0,0,57,18,35,7.0,10.4,0.930,2.355,0.888,0.714,0.918,0.0,,,,,,,,2.7,45,50,,,,,,
2/6/2017,2/12/2017,shutdown,,0.0,0,57,27,36,9.6,9.9,0.813,2.377,0.758,0.671,0.773,0.1,,,,,,,,1.9,15,50,,,,,,
2/13/2017,2/19/2017,shutdown,,3.0,107,119,65,38,9.8,9.5,0.352,1.494,0.398,0.336,0.362,0.0,,,,,,,,,45,,,,,,,
2/20/2017,2/26/2017,33,,79.2,"2,849",267,"1,546",74,9.5,9.2,0.112,0.135,0.106,0.058,0.059,13.5,14,,,,,,,4.9,48,75,,,,,0.39,
2/27/2017,3/5/2017,33,,94.0,"3,382",274,"1,851",83,10.9,10.6,0.088,0.117,0.089,0.057,0.058,17.0,< 1,2.90,0.010,0.120,0.338,0.030,0.120,7.2,75,100,0.020,,0.20,0.003,0.37,0.038
3/6/2017,3/12/2017,33,,94.0,"3,382",275,"1,851",83,11.2,11.0,0.089,0.113,0.089,0.057,0.057,17.0,< 1,1.50,0.010,0.120,0.273,0.021,0.050,8.1,88,120,0.002,,0.26,0.004,0.38,0.036
3/13/2017,3/19/2017,33,,94.0,"3,383",275,"1,851",84,11.2,11.0,0.090,0.108,0.091,0.057,0.058,17.0,< 1,1.20,,0.090,0.245,0.023,0.060,8.9,103,143,< 0.001,,0.21,0.003,0.38,0.032
3/20/2017,3/26/2017,33,,93.9,"3,382",275,"1,851",84,11.3,11.0,0.092,0.108,0.092,0.056,0.057,17.0,< 1,1.50,,0.070,0.208,0.021,0.090,9.5,87,165,< 0.001,,0.13,0.002,0.39,0.027
3/27/2017,4/2/2017,33,,94.0,"3,382",275,"1,851",85,11.5,11.2,0.093,0.108,0.094,0.056,0.056,17.0,< 1,0.90,,0.080,0.164,0.019,0.070,9.5,32,75,0.004,,0.10,,0.43,0.024
4/3/2017,4/9/2017,33,,93.9,"3,382",275,"1,851",85,11.5,11.2,0.094,0.107,0.094,0.056,0.056,17.0,< 1,0.90,,0.090,,0.021,0.060,10.0,47,93,0.006,,0.10,0.002,0.39,
4/10/2017,4/16/2017,33,,94.0,"3,383",275,"1,851",85,11.5,11.2,0.094,0.105,0.095,0.057,0.057,17.0,< 1,0.90,,0.080,0.145,0.022,0.030,10.1,57,100,0.007,,0.10,0.002,0.39,0.019
4/17/2017,4/23/2017,33,,94.0,"3,382",275,"1,851",85,11.5,11.2,0.096,0.107,0.097,0.057,0.057,17.0,< 1,0.70,,0.060,0.145,0.020,0.080,10.6,65,108,0.005,,0.14,0.002,0.42,0.025
4/24/2017,4/30/2017,33,,94.0,"3,382",275,"1,851",86,9.7,9.5,0.114,0.120,0.111,0.056,0.056,16.8,< 1,0.80,,0.080,0.133,0.019,0.060,9.7,37,65,0.019,3.1,0.17,0.002,0.40,0.020
5/1/2017,5/7/2017,33,,93.9,"3,382",275,"1,851",86,9.4,9.2,0.124,0.139,0.124,0.056,0.056,17.0,< 1,0.85,,0.040,,0.010,0.090,9.0,27,49,0.030,3.2,0.11,0.004,0.39,
5/8/2017,5/14/2017,33,,93.9,"3,382",275,"1,851",87,9.5,9.2,0.103,0.113,0.098,0.056,0.056,17.0,< 1,1.30,,0.090,,0.019,0.080,9.3,38,52,0.012,,0.09,0.003,0.41,
5/15/2017,5/21/2017,33,,93.2,"3,354",275,"1,834",85,11.3,11.0,0.100,0.110,0.097,0.056,0.057,16.8,< 1,1.20,,0.070,,0.014,0.080,9.9,53,70,0.012,,0.09,0.003,0.42,
5/22/2017,5/28/2017,33,,93.6,"3,369",275,"1,843",85,11.3,11.1,0.100,0.108,0.097,0.057,0.057,16.9,< 1,1.10,,0.050,,0.014,0.060,10.1,67,78,0.012,,0.13,0.004,0.38,
5/29/2017,6/4/2017,33,,92.9,"3,346",275,"1,829",85,11.4,11.1,0.100,0.110,0.097,0.057,0.058,16.7,< 1,,,,,,,10.3,87,93,0.009,,,,0.39,
6/5/2017,6/11/2017,33,,90.6,"3,260",274,"1,776",81,11.5,11.2,0.102,0.109,0.099,0.058,0.058,16.0,< 1,0.70,,0.060,,0.019,0.050,10.3,90,103,0.007,,0.05,0.020,0.38,
6/12/2017,6/18/2017,33,,90.0,"3,238",274,"1,763",80,10.8,10.4,0.110,0.118,0.111,0.056,0.056,15.9,< 1,0.80,,0.030,,0.020,0.050,10.0,53,58,0.012,2.6,0.05,0.002,0.37,
6/19/2017,6/25/2017,33,,90.0,"3,238",274,"1,763",81,11.6,11.3,0.114,0.114,0.107,0.056,0.056,15.9,< 1,1.30,,0.040,,0.020,0.010,9.8,38,59,0.021,2.1,0.10,0.002,0.39,
6/26/2017,7/2/2017,33,,90.0,"3,238",274,"1,763",82,11.5,11.3,0.097,0.109,0.097,0.056,0.056,15.9,< 1,1.30,,0.030,,0.018,0.030,10.3,52,68,0.012,,0.10,0.002,0.41,
7/3/2017,7/9/2017,33,,90.0,"3,238",274,"1,763",83,11.5,11.3,0.097,0.106,0.097,0.057,0.057,15.9,< 1,0.80,,0.030,,0.020,0.040,10.0,62,70,0.008,,0.07,0.002,0.37,
7/10/2017,7/16/2017,33,,90.0,"3,238",275,"1,763",83,11.5,11.3,0.097,0.106,0.097,0.057,0.057,15.9,< 1,1.20,,0.050,,0.019,0.120,10.2,80,85,0.008,,0.10,0.001,0.38,
7/17/2017,7/23/2017,33,,90.0,"3,239",275,"1,763",84,11.5,11.2,0.098,0.106,0.098,0.058,0.058,15.9,< 1,1.00,0.010,0.030,,0.019,0.080,10.5,92,93,0.014,,0.07,0.002,0.39,
7/24/2017,7/30/2017,33,,90.0,"3,239",275,"1,763",85,10.6,10.3,0.105,0.112,0.100,0.057,0.057,15.9,< 1,0.80,,0.030,,0.015,0.050,11.0,72,98,0.007,,0.05,0.001,0.39,
7/31/2017,8/6/2017,33,,89.3,"3,216",275,"1,749",85,11.5,11.2,0.107,0.120,0.108,0.056,0.056,15.7,< 1,0.60,,0.020,,0.020,0.050,10.6,32,58,0.016,2.4,0.07,0.002,0.41,
8/7/2017,8/13/2017,33,,88.0,"3,166",275,"1,719",83,11.6,11.4,0.116,0.122,0.111,0.057,0.057,15.3,< 1,1.20,,0.050,,0.020,0.050,10.3,43,64,0.036,2.4,0.07,0.002,0.41,
8/14/2017,8/20/2017,33,,87.8,"3,161",274,"1,715",82,11.6,11.4,0.099,0.112,0.099,0.057,0.057,15.3,< 1,1.00,0.010,0.040,,0.014,0.050,10.5,60,75,0.021,,0.04,0.002,0.39,
8/21/2017,8/27/2017,33,,88.0,"3,166",274,"1,718",76,11.8,11.5,0.098,0.116,0.098,0.058,0.058,15.3,< 1,0.90,,0.050,,0.015,0.050,10.4,73,83,0.017,,0.08,0.002,0.39,
8/28/2017,9/3/2017,33,,88.0,"3,166",274,"1,718",77,11.6,11.4,0.097,0.112,0.098,0.058,0.058,15.3,< 1,0.80,,0.040,,0.017,0.060,10.1,87,93,0.008,,0.06,0.002,0.38,
9/4/2017,9/10/2017,33,,87.9,"3,166",274,"1,718",78,11.5,11.3,0.097,0.112,0.097,0.059,0.059,15.3,< 1,0.90,,0.030,,0.018,0.130,10.4,92,105,0.007,,0.12,0.002,0.38,
9/11/2017,9/17/2017,33,,81.9,"2,950",274,"1,594",75,10.7,10.4,0.099,0.116,0.101,0.058,0.057,14.5,< 1,0.80,,0.020,,0.016,0.060,11.0,70,120,0.005,,0.12,0.001,0.39,
9/18/2017,9/24/2017,shutdown,,1.4,51,60,47,32,5.6,5.1,0.391,0.866,0.487,0.168,0.190,0.5,,,,,,,,15.5,35,35,,,,,,
9/25/2017,10/1/2017,shutdown,,0.0,1,-10,27,31,-2.5,-2.7,1.000,1.146,0.675,0.332,0.366,0.0,,,,,,,,,37,,,,,,,
10/2/2017,10/8/2017,shutdown,,0.0,0,-11,33,31,-3.7,-3.8,0.967,1.323,0.748,0.412,0.466,0.0,,,,,,,,,37,,,,,,,
10/9/2017,10/15/2017,shutdown,,0.0,0,-11,40,30,-3.7,-3.8,1.033,1.412,0.829,0.487,0.571,0.0,,,,,,,,2.0,40,40,,,,,,
10/16/2017,10/22/2017,shutdown,,0.0,0,10,32,31,-3.7,-3.8,1.033,1.518,0.909,0.565,0.686,0.0,,,,,,,,2.2,40,40,,,,,,
10/23/2017,10/29/2017,shutdown,,0.0,1,28,27,31,0.2,-0.5,1.000,1.733,1.088,0.645,0.809,-0.1,,,,,,,,2.1,42,38,,,,,,
10/30/2017,11/5/2017,shutdown,,0.0,1,33,25,31,0.8,0.0,0.950,1.726,1.054,0.695,0.936,0.0,,,,,,,,,40,,,,,,,
11/6/2017,11/12/2017,shutdown,,0.1,0,30,24,31,0.8,0.0,0.933,1.815,1.118,0.761,0.993,0.0,,,,,,,,,42,35,,,,,,
11/13/2017,11/19/2017,shutdown,,0.1,0,27,24,31,0.8,0.0,1.000,1.906,1.186,0.770,0.993,0.0,,,,,,,,,42,,,,,,,
11/20/2017,11/26/2017,shutdown,,0.1,0,43,24,34,7.8,7.4,0.643,1.972,0.701,0.426,0.456,0.0,,,,,,,,1.2,48,40,,,,,,
11/27/2017,12/3/2017,shutdown,,0.1,0,41,24,31,6.5,10.0,0.136,2.075,0.144,0.094,0.066,0.0,,,,,,,,<1.0E-01,8,25,,,,,,
12/4/2017,12/10/2017,shutdown,,0.1,0,41,24,31,6.9,6.8,0.466,2.160,0.129,0.113,0.093,0.0,,,,,,,,,13,,,,,,,
12/11/2017,12/17/2017,shutdown,,1.6,59,97,43,33,9.1,8.7,0.255,2.083,0.295,0.141,0.223,0.1,,,,,,,,2.3,12,93,,,,,,
12/18/2017,12/24/2017,34,,66.2,"2,382",271,"1,273",66,9.1,8.8,0.289,0.288,0.268,0.076,0.083,10.4,< 1,1.41,0.010,0.080,,0.023,0.126,2.2,431,167,,,,,0.39,
12/25/2017,12/31/2017,34,,86.0,"3,095",274,"1,674",70,9.6,9.3,0.147,0.172,0.148,0.056,0.056,14.7,< 1,,,,,,,,32,,,,,,,
1/1/2018,1/7/2018,34,,86.0,"3,095",274,"1,674",70,9.5,9.2,0.131,0.156,0.132,0.058,0.057,14.7,< 1,2.10,,0.230,0.405,0.030,0.170,7.5,48,40,0.001,,0.01,0.003,0.38,0.064
1/8/2018,1/14/2018,34,,86.0,"3,095",274,"1,674",70,9.4,9.1,0.129,0.146,0.128,0.058,0.058,14.7,< 1,2.10,,0.150,0.335,0.030,0.150,8.2,57,60,< 0.001,,0.07,0.003,0.42,0.048
1/15/2018,1/21/2018,34,,86.0,"3,095",273,"1,674",70,9.4,9.1,0.122,0.134,0.121,0.056,0.056,14.7,< 1,1.90,,0.100,0.288,0.030,0.170,8.5,27,23,< 0.001,,0.03,0.003,0.42,0.045
1/22/2018,1/28/2018,34,,86.0,"3,095",273,"1,674",69,9.3,9.0,0.128,0.136,0.118,0.056,0.056,14.7,< 1,1.90,,0.090,0.238,0.020,0.150,8.8,40,33,< 0.001,,0.13,0.003,0.41,0.038
1/29/2018,2/4/2018,34,,85.1,"3,064",273,"1,654",68,8.8,8.5,0.121,0.123,0.113,0.056,0.057,14.3,< 1,1.40,,0.070,0.214,0.030,0.160,7.1,55,30,0.002,,0.20,0.002,0.46,0.038
2/5/2018,2/11/2018,34,,86.0,"3,094",273,"1,674",68,9.5,9.2,0.105,0.127,0.105,0.056,0.056,14.7,< 1,1.20,0.010,0.190,,0.020,0.130,8.4,30,23,0.002,,0.16,0.004,0.39,
2/12/2018,2/18/2018,34,,86.0,"3,095",273,"1,674",67,9.6,9.3,0.103,0.124,0.104,0.056,0.057,14.7,< 1,1.20,,0.100,,0.019,0.100,8.8,38,30,0.002,,0.12,0.004,0.38,
2/19/2018,2/25/2018,34,,86.0,"3,095",273,"1,673",68,10.0,9.7,0.101,0.116,0.102,0.056,0.056,14.6,< 1,1.10,,0.070,,0.021,0.040,8.6,20,15,0.002,,0.12,0.002,0.39,
2/26/2018,3/4/2018,34,,86.0,"3,095",273,"1,673",68,9.8,9.5,0.116,0.136,0.120,0.056,0.056,14.7,< 1,1.10,0.010,0.140,,0.020,0.140,8.4,35,25,< 0.001,2.9,0.14,0.002,0.39,
3/5/2018,3/11/2018,34,,86.0,"3,094",273,"1,674",68,9.6,9.3,0.128,0.148,0.129,0.056,0.056,14.7,< 1,1.20,0.010,0.050,,0.020,0.120,8.4,47,31,0.027,3.0,0.15,0.003,0.38,
3/12/2018,3/18/2018,34,,86.0,"3,095",273,"1,674",67,9.5,9.2,0.114,0.130,0.109,0.056,0.056,14.7,< 1,1.40,0.010,0.040,,0.020,,8.4,48,36,0.031,3.1,0.03,0.003,0.38,
3/19/2018,3/25/2018,34,,85.8,"3,088",273,"1,670",67,9.8,9.5,0.099,0.117,0.100,0.056,0.056,14.7,< 1,1.00,0.010,0.050,,0.020,0.170,8.4,67,40,0.013,,0.11,0.003,0.39,
3/26/2018,4/1/2018,34,,86.0,"3,095",274,"1,674",69,9.8,9.6,0.100,0.113,0.100,0.056,0.056,14.7,< 1,1.00,0.010,0.040,,0.020,0.160,8.8,77,55,0.011,,0.07,0.002,0.36,
4/2/2018,4/8/2018,34,,86.4,"3,110",274,"1,683",69,9.8,9.5,0.101,0.112,0.101,0.056,0.056,14.8,< 1,1.10,,0.050,0.197,0.018,0.150,9.2,83,55,0.011,,0.12,0.002,0.38,0.026
4/9/2018,4/15/2018,34,,86.8,"3,124",274,"1,692",70,9.6,9.3,,0.115,0.102,0.056,0.056,15.0,,,,,0.212,,,,,,,,,,,0.035
4/16/2018,4/22/2018,34,,86.8,"3,124",274,"1,692",70,9.7,9.4,,0.113,0.102,0.056,0.057,15.0,,,,,0.205,,,,,,,,,,,0.034
,,,,86.8,"3,124",274,"1,692",70,9.6,9.3,,,0.100,0.056,0.056,15.0,,,,,,,,,,,,,,,,
