id_examinee,math,history,geography,literature,civic_education,english
1000002,9.2,5.75,9.75,8.25,9.25,10
1000006,8,5,6.5,8.75,9.25,8.6
1000009,8,5.25,8,8,9,8.4
1000011,6,3,7.25,7.75,8.5,8.2
1000012,6.4,5.5,7,6.75,7.5,7.8
1000013,7.4,3.75,8.5,6.75,6.5,9
1000014,7.4,6,6.25,8,7.5,8.6
1000015,6,4,7.75,7.75,7,9
1000016,7.8,6.5,7.5,8.5,8,9.4
1000019,7,4,5.25,8.5,6.75,8.8
1000021,9,5,8,9,9.5,9.4
1000023,7.6,7,7.75,8.25,9.5,10
1000024,8.4,4.75,7.5,7.5,8.5,9.2
1000025,4.2,5,6.5,6.5,10,3.6
1000026,8.6,4.25,6.5,7,6.5,5.2
1000027,8,6,7,9,9.25,9.8
1000029,8.4,3.5,7.5,6,8,9.4
1000031,8.6,7,9.25,8.25,9.25,9.8
1000032,3.8,5.5,7.5,7.25,7.75,6.4
1000033,8.6,6.5,7,8.5,9.5,9.8
1000034,4.8,4.75,6.5,6.25,7.75,3.8
1000036,6.8,3.75,6.5,7.5,8,7
1000037,8,6.5,6.75,7.5,7.25,9.8
1000039,7,2.75,5,7.25,7.25,6.6
1000041,8.2,4.75,6.5,7,9,8.6
1000042,7.6,5.5,7.25,7.5,8.75,8.8
1000043,8,5.75,6.5,8.5,8.75,8.8
1000044,2.6,4.75,6,6.25,7.75,4.2
1000045,7.2,6,6,8,8.25,5.2
1000046,8.6,5.75,7.25,9.25,8.5,8.4
1000047,6.2,5.5,6.25,7.25,7.75,8.4
1000049,7.6,9,9.5,8.5,9.25,9.6
1000050,8.2,4.75,7,7.5,9,9.2
1000051,7.2,4.75,7.75,5.75,8.75,6
1000054,5,6,7.25,8.5,9.25,7
1000055,8.4,5.75,7.25,8.5,9.5,9.2
1000057,7.8,5,6.75,6,7.25,8.4
1000058,7.2,8.75,7.75,7.75,9,9.2
1000059,8.4,4.25,7.5,8.25,9.75,9
1000060,8,3.75,7.25,7.5,9.25,7.8
1000062,8.6,7.25,8.5,8.5,8.5,9.6
1000067,7.2,3.75,7.75,7.5,8,8.4
1000068,8,5.25,6.5,8.5,8.75,9.6
1000070,6.6,2.5,6,5.75,6,7.2
1000071,9,6,6.75,7.5,9.25,9.8
1000074,9,3,5.5,8,7.75,9.2
1000075,8,7.5,7.5,9,6.25,9.6
1000076,5.4,5.75,8,6.25,8.75,7.2
1000077,4.6,4.25,7.75,5.25,7,2.4
1000078,3.2,5.5,6.5,6.75,9.5,9.8
1000079,8,3.75,7.5,9.25,9,9.4
1000082,8.6,7,6.5,9.25,9.5,9.6
1000084,8,2.5,7,7.25,8.75,9
1000085,8.4,7,8.5,8.25,9.25,8.6
1000087,8.2,8.5,8.75,8.75,9.5,9.8
1000088,8.4,6.25,7.25,8.75,9,8.8
1000089,8,4.5,6.75,7.25,9,9.2
1000090,8.4,6.25,8.5,8,8.5,9.2
1000091,6,4.5,6,6.5,8,3.8
1000092,6.2,3.75,8,7.75,8.25,4
1000094,3.8,3.75,7.25,7,7.5,4.2
1000095,5.2,7.5,8,6,8.5,2.6
1000096,5.8,4.25,7,8,7.25,9.2
1000097,3.8,4.75,6.75,8.25,9,6.8
1000099,7.8,2.75,6.5,7.75,7.5,7.2
1000100,8.2,6.25,7.5,8.25,8.5,9
1000101,7.8,4.5,8,8,9,9.6
1000104,8.4,3.25,7.5,7.5,9.75,8.6
1000105,8.2,6.25,6.25,8.25,9.5,9
1000106,7.6,5.25,6.5,5.5,8.25,9.4
1000108,8.2,6.5,8,6.75,8.75,4.2
1000110,8.8,6.75,7.5,9.25,9.25,9.6
1000111,7.8,7.5,7.5,7.5,9.75,9.2
1000112,5.4,5.5,7,4.5,8.25,4.4
1000113,8.4,7.75,8.75,8.75,9.75,9.4
1000116,6.6,3,5.75,6.5,7.75,6.8
1000117,8.2,4.25,7.25,8,5.75,8.6
1000119,8.2,4,8,8.75,7.5,8.8
1000120,8.8,7.25,9.75,8.75,8.75,9.4
1000122,5.2,4,6.5,8.5,8.75,5.4
1000123,7,8,8.5,9,9,5.8
1000124,8,5,8,8.75,8.75,9.6
1000125,8.6,4.25,7.25,9,7.75,9.8
1000126,7.2,4.5,7,6.25,8.75,6
1000129,4.6,7.5,7.75,8,10,8.6
1000130,3.2,4.25,6.25,3.25,8.75,4.2
1000132,8.4,6.5,8,8.5,8.75,9.6
1000135,8.4,3.5,6.75,8.75,9.25,8.8
1000136,8.6,5.25,9.25,9,9.75,9.4
1000137,6.2,4.5,7.5,7.5,8.5,8.2
1000138,6.2,5,7.5,7,9,6.8
1000139,7.8,5.25,6.75,8.25,7.5,7.6
1000140,5.4,5.75,6,7.75,7.25,8
1000141,8.2,5.75,7.25,8,7.5,9.4
1000142,8,7.5,8.5,8,9.75,10
1000144,8,8,8.25,9,8.25,9.6
1000145,8.2,5.5,8,8.5,9,9.8
1000147,6.2,6,7.25,7.5,8,9.2
1000148,8.4,4,8,7.5,8.5,9.4
1000149,7.8,4.75,6.75,7.25,7.25,6.8
1000151,7.6,4.5,8.25,8.25,9,9.6
1000152,8.4,6.75,8.75,8.5,9.5,9.8
1000153,7.6,4.25,7.75,8,6.75,8.4
1000157,7.6,3.25,6,7.75,8,9
1000159,8.2,3,5.75,8.25,7.25,8.8
1000161,7.6,5.75,6.75,9,8.5,9
1000166,8,4.5,4.5,8.25,7.25,8.8
1000167,8.8,6.5,7,8.5,9.25,9.6
1000168,9,7.25,8.5,8.5,9.5,9.4
1000170,6.2,5.5,6.5,7.75,8.5,5.8
1000172,3.2,2.25,6.5,6.75,5.75,6.4
1000174,7.6,6,9.5,9,8.75,9.8
1000175,7.8,8,8,8,8.5,8.6
1000176,7.2,7.5,9,7.5,8.75,7.8
1000178,5.6,4.5,6.75,6.75,7,6.4
1000179,7.8,9.75,9,9,10,10
1000180,8.8,5.25,7.25,8.5,8,9.6
1000182,8.8,7.5,7.75,8.5,9.5,9.2
1000185,6,4.75,6.5,6,8.25,6.6
1000186,4.2,4.5,6.25,5.58,7.5,8.6
1000187,6.6,2,6,6.75,8.5,7.2
1000192,3.6,3.25,6.5,5.75,8,2.8
1000193,5.6,5.25,7.5,5.75,8.25,6.4
1000194,4,3.25,5,4.5,7.5,3.2
1000196,5.8,5.25,5.5,6.33,9,3
1000198,6.2,2.5,6,6.75,8.5,8
1000200,8,4.75,7.25,8.75,8,9.2
1000202,8.6,3.25,7.25,8.5,8.5,9.4
1000203,8.2,4.75,8,7,9.5,8.8
1000206,8.4,5,6.75,8,5.75,10
1000207,2.4,5,4.75,3.75,8,4.8
1000208,7.8,3.25,6.5,6.75,8,7
1000209,8.4,4.75,7.5,8.75,8.5,8.2
1000210,8.6,6.25,8,8.75,8.25,9.6
1000211,7,7.25,8.25,9,7.75,9.4
1000214,8,5.25,7.5,7.25,9,10
1000216,7.2,3.75,5.75,8,6.5,9.2
1000217,5.4,4.5,7.25,8.5,8.25,9.4
1000220,8.2,8.5,8.75,8.75,9.75,8.8
1000223,8.8,3.5,6.5,8.5,9.25,9.2
1000224,4,2.5,5.75,7.75,7.75,3.4
1000225,6.8,3.5,7,8.25,5.75,9
1000227,8.2,5,7.5,8.5,6.5,8
1000229,7.4,6.25,8.5,9,8,9
1000230,8.8,3.75,6.75,9,7.25,8.4
1000231,8.4,3,6.25,8,8,7
1000232,8.4,5.75,7.75,8.5,9.75,9.6
1000234,8,7,7,7.5,7,7.8
1000236,8.6,3,8.5,7,7.5,8.8
1000237,8.2,4.25,5.75,8.5,8.25,9.2
1000238,4.6,4.5,5,4.5,4.25,7
1000239,7.4,5.25,7,8,8.75,7.6
1000242,7.8,4.75,8.75,8.25,8.25,8.6
1000243,4.8,6,6.25,5.5,8.25,4.4
1000245,8.8,5.5,7.5,8,7,8.6
1000246,7.8,6.75,8,7.25,8.25,9
1000247,8.2,4.75,6.25,8.25,8.25,9.2
1000248,8.2,7.5,8.75,8.25,10,9.2
1000249,8.4,3.5,6.75,8,8.5,9
1000250,8.4,5,6.75,8.5,8.25,9.2
1000251,7.6,5.75,6.75,8.5,8.25,8.2
1000252,8,8,8.75,8.25,9.75,9.4
1000253,6.2,9,8,8,8,6.2
1000255,9.4,8,8.75,9,9.5,9.8
1000256,6.6,5,7.75,8.25,7.5,6.4
1000257,9,5.75,8.75,6.75,8.25,9
1000258,7.8,4,6.75,8.5,7.75,9
1000261,8.2,6.25,8,6.75,9.5,9.4
1000262,8,4.5,7.25,8,9,8.8
1000263,8.2,6.5,7.75,8,9,9.4
1000264,8.4,6.25,8.25,7.75,9,9
1000266,2.4,1.25,3.75,3.5,6.75,5.6
1000267,8.2,4.5,8.25,7.25,9.75,9.4
1000270,6.8,5,6.5,8.25,8.75,8.8
1000271,6.6,7.5,7,6.5,9,8
1000273,6.2,5.5,8.25,7.75,8.5,8
1000274,6.6,4.25,5,7,7.25,2.6
1000276,7.4,6.25,7,8,9.25,8.6
1000277,5.6,5,6.75,7.25,8,8
1000278,8.2,4,7.75,7.75,8.75,9.6
1000279,9,3.25,7.5,7.5,8.25,8
1000280,6.6,4.75,5.25,7.25,8.25,5.6
1000282,6.2,7,5.75,8.25,8.5,8
1000283,8.4,5.75,7.25,7.5,8.75,9.6
1000284,4.6,3.25,4.5,8.5,7.75,6.2
1000285,3.4,4,7.25,6.75,6.5,9.4
1000286,8.6,4.25,6.75,8,9,10
1000287,8.6,4.25,7.25,8,8,9
1000288,8.8,7.25,7.5,8.5,8.25,9
1000289,8.4,4.5,7.25,8.25,7.75,8.6
1000290,8.8,5,8.25,8.75,9.25,8.6
1000291,7.8,7.5,8,8.25,9.5,8.8
1000292,8,5.5,6.75,7.5,8.25,8
1000294,8.2,6.5,8,5.25,8.5,9.6
1000295,6.8,2.25,1.75,8,6,8.6
1000297,7.4,7.5,8.75,7.75,9.75,8.8
1000299,4.2,4.25,7.5,6.75,8.25,6.4
1000300,7.8,5.25,7.5,8.5,9.5,9.4
1000301,8,7,8.75,7.5,8.75,10
1000302,7.2,6.75,8,7.75,9,9.2
1000303,7.6,4.5,7.5,8,9.5,9.4
1000304,5.2,2.75,6.5,5.75,8.75,4.8
1000306,6,4.5,6.5,6.5,8.5,9.4
1000307,7.4,5.25,6,6.75,9,7.8
1000308,6.6,6,5.75,8,8,8.4
1000309,8.6,7.5,9,8,8.5,9.8
1000310,7.8,6,7.5,6,7.75,7.8
1000311,8.8,7.5,8.75,8.5,9.25,9.8
1000312,7.6,4.75,7.75,8,9.75,9.2
1000314,6,3.5,7,7.25,7.75,5.2
1000316,6.8,5.75,6.25,7.5,7,8
1000319,8.6,5.25,9,8.5,9,9.4
1000320,8.2,7.75,7.25,9.25,9.25,9.2
1000321,7.6,4.75,7.25,8.25,7.75,9.2
1000322,7.8,3.5,6.25,7.75,8,9.2
1000323,8,6,6.25,7.75,6.75,9.8
1000324,7.6,7,7.5,6.75,8.5,9
1000325,8.8,4.25,7.75,8.75,8,9.4
1000326,8,7.25,8.5,8.25,9.25,9.2
1000327,7,5.75,6.5,8.75,7,9.2
1000329,8.6,7,8,9,9.25,8.8
1000330,8.4,4.25,7.25,8.5,9.75,9.6
1000331,8,6,7.5,9,9.25,9.4
1000333,8.8,6,7.75,9,9,9.4
1000334,7.8,7.5,6.75,7,8.5,8.4
1000335,8.6,7,8.25,8.5,8,9.8
1000336,8,4.25,5.5,6,6.5,9.6
1000339,8.4,8.75,9.25,8,9.75,9.8
1000344,6.4,7,8,7.75,7.75,8.6
1000346,2.8,3.25,5.5,6,9,4.8
1000349,8.6,5.75,7.25,7.75,9.25,8.6
1000350,6.8,7,8.25,8.75,9.75,5.8
1000353,3.2,3,6,7,9.25,3.8
1000355,4.2,2.75,6.75,6.75,7.25,3.8
1000356,8.8,4.25,8.25,8.75,9.5,9
1000359,8.2,8.5,8,7.25,9.25,9.4
1000360,7.4,1.5,6.75,8.25,7.25,5.8
1000362,7.4,6,7.75,7,9,9.2
1000364,5.4,5.25,4.75,8.25,6.25,8.2
1000366,8,4.75,7.5,8,8.5,7.8
1000367,8.4,8.75,9.5,9.25,9.5,9.4
1000369,8,6.25,7.5,8.75,8.25,9.2
1000370,7.8,6,7,7.75,8,10
1000371,7.4,4.25,7,8.25,7.25,9.4
1000372,6.8,4.25,7,8.25,8,8.6
1000373,7.6,3.75,7,7.5,7.75,7.2
1000375,7.4,7.5,5.75,8.5,9.25,9.4
1000376,6.8,5.5,8.75,7.75,9,9.4
1000377,9,4.75,8,8.75,9.5,8.4
1000379,8.8,5,8.5,8,7.5,9.6
1000380,8.4,5,7.25,7.25,9.75,9
1000381,8.8,8,8.5,7.75,8,8.2
1000383,8,6.25,6.5,5.75,8,7.8
1000386,8.2,8,8.75,8.75,9.25,9.8
1000387,8.4,7.5,8.5,8.75,8.75,8.8
1000388,8,4,5.5,8.5,7.25,8.2
1000389,7.8,5.75,8,8.75,7.25,9.6
1000390,6.6,3,6.75,8.25,7.25,8.4
1000509,3,3,5.75,4.75,3,3.2
1000601,8.6,6.25,7.75,8.25,8.5,8.4
1000603,7.4,6.5,8.5,7.75,9.25,10
1000604,7.8,4.75,8.25,7,9,9.4
1000605,7.6,4.75,6.75,8.75,9.25,8.2
1000606,7,4.75,7,8,6.75,6.4
1000608,8.2,5.75,7.5,8.5,8.5,8.8
1000618,7,4.75,7.25,7.75,8.75,6.8
1000619,6.6,2.75,6.75,8.25,6,3.6
1000620,7.8,2,7.25,8.5,8,8.4
1000621,8,8.75,9.25,8.5,9.25,8.4
1000622,6.6,6,6.25,5.5,8,9.8
1000623,8,4.5,7.25,8.25,9,8.2
1000624,8,4,7.25,9,7.5,9.2
1000625,7.2,6.25,9,7.75,9.75,7
1000626,8.2,4.75,6.5,8,8,9.4
1000627,6,3.25,5.25,8.25,6.75,5.2
1000629,7.2,7.25,7.75,7.5,9.25,9.8
1000630,8.2,5.25,7,7.5,7.25,8.8
1000631,8.4,7.25,8,7.25,8.75,9.4
1000632,8.4,5.25,6.5,8.5,8,6.4
1000633,8.6,4,7.5,7.75,7.25,9.6
1000634,7.6,4,6.5,7.25,8,8.8
1000636,8.2,5.25,6.5,8,7.75,9.8
1000637,8,7.5,8,8.25,8.75,9.8
1000638,4,2.25,5.25,4.5,7.25,2.2
1000639,8.4,5,7.5,8.75,8.25,9.4
1000643,2.8,4.25,6.5,6.5,7.75,7.8
1000644,6,7.5,9.25,6.75,9.75,8.8
1000645,7.8,3.75,6.25,8,8,8.8
1000646,7,4,7.25,7.5,8.25,8.4
1000648,8.2,2.5,6.5,7.25,4,8.2
1000649,6.8,3.5,6.5,8.25,7.25,7
1000650,8.6,6.75,8.75,8.25,10,9
1000651,8.4,5.25,7.5,8.5,9,9.6
1000652,8,4,8.5,8.5,8.5,9.6
1000653,7.8,5,7.25,9,8.5,9.6
1000655,8,5.25,8.25,9,8.5,8.2
1000656,6.6,4.25,7.5,8.75,8.75,9.2
1000657,7.8,3.25,7.5,7.75,7.75,8.2
1000659,3.8,4.75,6.5,8,9.25,7.2
1000660,6.4,7.75,8.75,8,9,9.2
1000661,7.4,6.5,7.75,8.5,9.25,9
1000662,6.2,4.5,7.75,6,7.75,1.8
1000664,3.6,6,7,6.75,6.5,3.2
1000668,6,4.5,7.5,7.25,8.5,6
1000670,8.6,3.75,7.25,7.75,8.25,9.4
1000673,2,4.5,6.25,4.5,8.5,4.8
1000678,8.2,4,6.75,7.5,9,10
1000682,5.4,8.75,7,7.75,8.5,8
1000683,7.2,5.25,8,8.25,9.25,9.6
1000688,8.8,7,6,8.5,6.75,10
1000689,7.2,4.75,7,8.5,7,9.2
1000690,2.6,5.25,7.25,7,8.25,3.6
1000693,7.6,4.5,7.75,9,8,9.8
1000694,9,7,8.25,9,9.75,9.8
1000695,8,6,6.5,9,8.75,9.6
1000696,8.8,6.75,8.5,9.25,8.5,9.2
1000697,8.8,4.75,7,8.5,9.25,8.6
1000701,3.6,3.75,4.75,6.75,5.5,4.2
1000703,7.8,5.5,7.25,7.5,9.5,9.4
1000704,7.4,6.25,7.25,8.5,8.5,9.4
1000705,7.4,7.75,8.5,7.5,8.5,9.2
1000706,3,4.75,7.5,6,8.25,9.4
1000708,7.6,6,7.5,8.5,7.75,8.6
1000709,8.6,4.25,4.75,8.5,7.75,9.8
1000711,8.2,7,6.25,7.75,8.5,9.4
1000712,8.2,3.75,8.75,7.75,8.25,9.4
1000713,8,3.75,6.5,8,8.75,9.2
1000715,8.2,4,7.5,8.25,6.5,8.8
1000717,8.8,5,6.5,8.25,8.75,9
1000719,8.2,4.5,7,9,9.5,8.6
1000720,7.4,6.75,6.25,9.25,8.25,9.2
1000721,6.4,6.25,8.75,7.5,9.25,7.4
1000724,8.8,8,8.25,8.5,7,7.8
1000725,7,4.75,6.75,6.75,8.75,9.8
1000727,8,5,7,8.5,9,9
1000728,7.6,3.5,7.25,8.25,7.25,10
1000729,7.8,6,7.25,8.25,8.25,8.4
1000732,8.6,5.75,8.5,8.5,9.25,9.2
1000733,8.4,5.5,8.5,8.5,9.5,9
1000734,7.8,5.75,6.75,8.25,8.75,7.6
1000735,7.4,5,7.25,8.25,7.75,8.6
1000736,7.8,6.75,8.25,8,9.75,5.4
1000737,8.4,6,8.75,8.25,8.25,9.8
1000738,8,4.75,9.25,9,9,9.6
1000739,8,4.25,7.75,7.75,9.5,9
1000741,7.6,4,7,7.25,7.75,9.2
1000742,8.6,7.25,8,7.5,9,8.8
1000743,6.8,4.5,6,7.5,8.5,9
1000744,7.8,4.75,7,8.25,7.25,9.6
1000745,7.8,7,8.5,9,9.75,9.4
1000746,8.4,3,7.25,7.75,7,9.6
1000747,8.2,4.5,7.25,8.5,8.75,9.2
1000748,8.6,7,7.75,6.25,8.25,9.8
1000749,7.4,7.25,7.75,8.5,9.25,9
1000750,8.6,7,8.25,9.25,9.25,9.6
1000751,7,3.75,7.25,7.25,9.5,7.2
1000752,7.6,4.25,6.75,8,8,8
1000753,8.2,2.25,6,8,6,9.6
1000754,8.4,0.5,6.25,7.5,8.25,9
1000755,7.8,5,7,8.5,9.25,8.4
1000758,8.2,5.75,8.75,8.75,9.25,9
1000759,8.8,5.25,6,7.75,8.5,9
1000760,2.6,4,5,6,6,2.8
1000761,6.6,7.75,7.25,8.75,9,9.6
1000763,9,5.5,6,7.75,7.5,9.6
1000764,7.4,3.5,7.5,9,8.25,9.2
1000765,8.4,6.25,7.5,7.5,8,9.4
1000768,8.2,4.75,8.25,7.75,9,9.4
1000769,8.4,5.5,6.75,8,8.5,9.4
1000771,8.8,3.75,7.25,8.25,7.75,8.4
1000772,6.2,5.5,6.75,6.25,8.75,6.2
1000774,7.6,4.25,6.75,7,7.25,7.4
1000777,7.8,7,8.75,7.5,8.75,8.4
1000780,7.6,4.25,7.25,8,9.75,8
1000782,8.4,6.75,8,7.25,7.75,9.2
1000783,8.2,5,7.75,8,8.75,8.8
1000784,8.2,3.5,5,8.25,8,8.8
1000785,8.6,5.5,8,8.75,9.75,9.4
1000786,8,3.75,5.75,8,6,8.6
1000788,5.6,4.75,7,8.75,7.75,9
1000789,3,1.75,7,6.25,8.5,9
1000791,8,4,6.75,7,9,9.4
1000796,7.4,8.25,8,8,9.75,7.4
1000798,8,4,8,7.75,8,9.6
1000800,7.2,4.5,7.25,3.75,8.5,2.6
1000803,6.6,7.25,7.25,7.5,9.5,7
1000805,6.4,5.25,6.25,7.25,8.75,8.2
1000809,7,7.5,8.5,7.5,7.75,8.8
1000811,8.8,3.75,7.25,8,9,7.6
1000812,6.6,4.25,6.25,6.5,7,6
1000813,7.4,3.75,6,6.75,9.25,3.6
1000814,4.2,3.75,5.25,5,8,4.2
1000815,5.2,5.75,6.75,7.5,8.75,7.4
1000816,7.6,5,7.75,8.5,9.75,8.2
1000817,8.2,5.75,7,7.25,8.5,9.2
1000818,8.2,7,8.5,8.25,9.25,9.4
1000819,8.6,7,6.75,8,9.25,8.6
1000822,8,7.25,8.25,8,8,9.6
1000823,3.6,3,6.25,6.5,6.5,2
1000825,8.4,8.5,8.5,8.75,9,9.2
1000827,3,2.75,6.75,6.5,6,3.2
1000828,7.4,6.25,8.5,8,7.25,8.6
1000829,5,6,6.5,7.5,9.25,3.2
1000832,7.4,7.75,7.25,8,9,9.4
1000833,7.6,5.25,7.5,6.5,8.75,5.8
1000837,8.2,9.5,9.5,8.75,9.25,9.4
1000839,8,8.75,9,8.25,8.5,9.2
1000840,6.8,7.25,7.75,5.5,9.25,8
1000842,7.8,6.25,8.25,9.25,7.5,9
1000843,2.6,2.75,6.75,3.5,7.25,3
1000846,8,6.75,7.25,8,8.25,8.8
1000847,7.8,5,7.25,7.25,9.5,8.2
1000849,5.6,3.75,6.25,4.75,7,2.2
1000858,5.6,2.5,5.75,4.75,7.25,4
1000861,8.6,6,8.75,7.75,8.5,8.2
1000862,8.2,5.5,7.75,8,9.5,9.4
1000865,7.2,6.25,7,7,8,9.8
1000872,6.4,5,5.5,6.5,5.5,4.8
1000873,4.8,3.25,6.25,5.25,8.5,3.8
1000874,7.4,4.25,6.25,7,6.25,7
1000877,6.8,6.25,7.5,7.75,9.25,9.6
1000878,8.6,4,9.5,8,7,9.6
1000879,8.4,3.5,5.25,8.5,8.25,7.6
1000880,8.6,6.25,6,8,9,9.2
1000889,4.8,8,6.5,7.5,8,4.6
1000891,7.4,6.5,7.25,8,9.25,9.4
1000892,7.4,5,7,6,7.5,8.4
1000894,6.8,4.25,7.5,7,7,9.2
1000895,8.4,7,8.25,8.25,9.25,9.4
1000896,8,4.5,6.5,8.25,9,9.6
1000898,8.8,7,6.75,8,9.5,8
1000899,9,5,6.25,8.25,8.5,7.8
1000901,4.4,7.25,6.75,6.25,8.75,8.4
1000903,8.4,8,8.75,8.75,8.25,9.4
1000904,8.6,4,6.5,8.75,8,9
1000906,8.4,5.25,6.25,9,8.5,8.8
1000908,8.2,3.5,7.25,8.5,7.75,8.4
1000913,7.4,7.25,8.5,7.5,9.25,10
1000915,6.8,5,6.75,8,8.25,6.2
1000916,8,4.75,6.75,9.25,7,9
1000917,7.4,6,8,6.25,9.5,7.8
1000918,6,4.75,6.25,3.5,9.25,7.8
1000919,4,4.5,5.25,5.5,7.75,4.4
1000920,9,5.75,7,8.5,7.75,9.6
1000921,8,8,8.25,9,9.5,9.6
1000922,8.2,7,8,9,9.5,9.4
1000924,7.4,6.5,9.25,6.75,7,8.2
1000926,9,6.25,8,8.5,9.25,9.6
1000927,8,6.75,8.75,7.75,9.25,9.6
1000928,7.6,6,6,8,9,9.2
1000929,9,5.5,8.75,8,9,9.2
1000930,7.2,3.25,8,7.25,7,7.2
1000934,7.6,4.25,8.25,7,9.25,5.6
1000935,7.6,5.5,5.25,7.75,7.5,8.8
1000936,9,5.75,5.75,7.5,7.5,9.6
1000937,7.8,7.75,7.75,6.75,8,9
1000939,7,2.5,6.75,7.25,8.75,4.8
1000940,7.6,4,7.25,7.75,9,9
1000941,8,6,7.25,7.5,9,7.6
1000942,8.8,6,7.5,8.25,9,9.8
1000945,9,4.25,7.25,8.25,8.25,9
1000946,8.6,3.25,7.25,9,8.25,6.8
1000947,7.2,7,8.5,8,9.75,8.6
1000949,9,6,8.5,8,9,9.2
1000952,8.2,3.5,6.25,8,6.5,9.6
1000953,7.2,4.5,5.75,6.75,9,8.6
1000954,7.4,4.75,6.5,8,7.75,9
1000955,8.6,6.75,8.25,7.75,9,9.6
1000956,8,5.5,7.25,7,8.25,9.6
1000958,8.2,6,8.75,6.75,8.25,9.2
1000959,8,4.75,7.75,6.75,6.25,8
1000960,8.6,3.5,6,7.5,8.75,9.2
1000961,3.2,2.75,5.5,6.5,6,4.8
1000962,4.2,4.5,5.75,6.25,6.5,6.2
1000963,7.8,4.25,8,8,9.75,10
1000965,5.6,4.25,6.75,7.5,7.25,4.2
1000966,6.8,7,7.75,8,9.25,8.6
1000967,9,6,7.75,8,8.75,6.6
1000968,8.6,5.5,7.5,8,7.5,8.8
1000969,6.6,3.75,7.25,5.25,8,6
1000970,8,5.75,6.25,7.75,8,8.4
1000971,7.2,4,5,5.5,8.25,5.4
1000972,7,6.75,8,6.5,9,4.2
1000973,5,3.5,5.75,5.25,7.75,4.6
1000974,8.6,5.5,8,8.75,9.5,9
1000976,8.8,5.25,8,7.25,8.5,8.8
1000977,7.2,8.25,7.5,7.75,10,4
1000978,7.2,4,8,7,9.5,8.8
1000979,9,7.5,8.5,8,8.25,9.6
1000980,7.6,3,7.25,8.25,8,8
1000981,6.4,4,8,7.75,8.5,8.4
1000982,6.8,5.25,7,7.75,8.75,7.2
1000983,8,5.5,6.25,8.5,7.75,8.8
1000985,4,3.25,4.75,6.75,8,4.2
1000986,4.2,8,8.25,8,6.75,4.8
1000987,7,4.5,8,7.5,9.75,8
1000988,8.4,6.5,8,8.5,9,9.6
1000989,3.2,4.25,6.5,4.5,7.5,9.2
1000990,7.6,7.5,8,7.75,9.5,9.6
1000991,6.4,6,6.75,6.75,9.25,8.2
1000992,5.2,7.5,7.5,7.25,9.25,8
1000994,8.2,4.75,6.5,7.5,8.5,7.6
1000995,5.8,8.5,9.25,8,9,8.4
1000996,8.2,7,7,8.5,9.5,9.6
1000998,6.2,5.25,6,7,6.75,7.4
1000999,8.6,7.25,7.75,8.5,9.25,9
1001000,3.6,3.5,6.25,3.75,8.5,3.2
1001001,6.8,7.25,7.25,7.5,8,9
1001002,8.4,7.75,7.5,7.75,8.5,9
1001078,6,8.25,8.75,8.75,8.75,6.4
1001110,5.6,5,5.5,5.75,6.75,9.4
1001276,6.2,3.5,5.5,5.75,7.75,7.4
1001278,7.8,2.75,6.25,5.25,8.75,6.2
1001279,7.8,5,7.5,7.5,8.5,8.2
1001280,4,4,6,6.25,8.75,4.2
1001281,4.8,4,4.75,4.5,6.75,3.8
1001282,5.4,4.5,7.75,5.75,6.75,6
1001286,8,7,7.25,7,9.5,9.2
1001287,7,6.5,8,6.25,7.5,7
1001289,5.6,5,6.25,3.75,9.25,8.4
1001292,6,6,7,7.75,8.5,8
1001295,6.2,5.5,6.75,7.25,8.75,6.2
1001296,5,6.75,6.75,5.75,9,4.4
1001297,4.2,3,6.25,5.75,6,7.2
1001301,8.8,7.25,8,7.75,8.5,9.4
1001303,7.2,5.25,6.25,7.5,7.5,9.4
1001304,3.6,1.5,5.5,5.75,6.25,3.8
1001305,6.4,8,8,7.5,8.75,7.6
1001306,8.6,6.5,7.5,8.25,8.25,10
1001307,4.2,4,6.5,7.75,7,5.2
1001308,8.6,7,8,9.25,9.25,10
1001310,7.4,3.25,6.5,8,6.25,6.6
1001311,7.8,5.75,7.25,8,7.5,8.4
1001312,8.6,7.25,8.25,9,9.75,9.2
1001314,8.4,6.75,9,8.25,8.75,9.6
1001315,7.2,5,6.5,7,8.25,8.4
1001317,8,6,8.25,8.25,9.75,8.8
1001318,6,3.5,6.25,5.75,8,7.4
1001319,8.4,6.5,7.75,8.5,9.5,9.8
1001321,7.8,6.75,8,8,9.5,9.4
1001322,7.8,3.75,5.75,8.75,7.75,8.2
1001323,8,6.25,7.75,8.5,9.75,9.6
1001324,8.4,5.5,7,8,8,9.8
1001326,7.2,7,7.25,8,8.75,9.6
1001328,7.6,6,7,7,6.75,9.2
1001329,8.6,3.5,7.75,8.25,8,7.8
1001330,5.8,5,7.25,8.5,7.25,7.8
1001331,7,3.5,5.75,8.75,7,8.8
1001332,9,7.25,7.75,9,9.25,9.8
1001333,3.2,3,4.5,3.75,6.5,6.4
1001334,6.6,4.75,6.5,7.75,9.5,7.4
1001335,8.2,5,7.75,8.75,9,9.2
1001336,8.6,7.25,9.5,8,9.5,8.8
1001337,7.6,6.5,7.25,7.75,8.75,8.2
1001338,8.4,6,6.5,7,9,10
1001339,8.4,5.25,6.25,7.25,8.5,8.6
1001340,5.6,4.25,6.5,6,8.25,3.8
1001341,9,5,6.25,8.5,9.5,9.4
1001342,8,6.5,7.25,7.75,6.5,8.6
1001343,6.2,7,9.25,7.25,8.5,6.4
1001344,8.4,5.75,7.25,8.5,7.5,8.8
1001345,7.2,4.75,6.75,7,6.75,8.8
1001347,7.2,5.25,7.5,7.5,10,4.6
1001349,7.4,9.25,9.25,8.5,9.5,8.6
1001351,7.8,5.75,8,7.5,9,8.8
1001352,3.2,5,6.75,6.5,9.75,5.2
1001353,8,4.25,7,9.25,8.5,9.8
1001355,8,7.5,7.75,8.25,9.75,9.8
1001356,8.2,4,7.75,7.75,8.5,8.6
1001357,7.4,6.25,8.5,8.75,7.75,9.4
1001358,7.4,4.75,7.75,8,9,9
1001359,8.4,8.25,9,8.25,10,9.2
1001360,5.2,6,6.75,7.25,8.25,7.2
1001362,4.4,3.75,5.25,6,9,3.8
1001364,7.4,5,6.75,7.5,6.75,7.4
1001365,8.6,6.25,7,8,8.75,9
1001367,8.8,2.75,6.75,8.5,9,9.4
1001368,8.4,5.75,7.5,7.75,7.5,9.4
1001370,9,5.5,7,8,8.75,9.4
1001371,7.6,5.5,6,7.75,7.25,9.4
1001372,8.6,3.75,6.75,8.5,9.25,9.2
1001373,8,5.75,7.25,9.25,9,9.2
1001374,8.4,4.25,6.25,8.75,8,8.2
1001376,7.4,2.5,7.5,8,8.25,7.6
1001378,5.4,4.5,7.25,7,8.5,4
1001379,6.2,5.25,7.5,6,7.25,8.8
1001380,8.2,7.25,8.5,8.75,8.25,9.8
1001381,8.6,6.25,7.25,8.75,9.5,9.4
1001382,8.4,3.5,7.5,7.5,8.5,9.4
1001383,8,6.5,7,8.5,8.5,9.6
1001384,7.8,5.25,7.75,8.5,9,8.8
1001385,8.4,6,7.5,8.25,8.25,9.8
1001386,5.6,7.75,7.25,7.25,8.75,3.2
1001395,8.2,3.5,6.75,7.25,8,9
1001396,7.8,5.25,8.25,7.25,9.75,8.4
1001398,5.2,4.5,4.75,6.5,8.25,3.2
1001399,8.2,4.25,6.25,7,9,9.8
1001400,7.8,8.5,9.25,8.5,9.75,9.8
1001401,6.8,5.5,7.25,7,8,9
1001404,8.8,5,6,7.5,9,9
1001405,7.4,7,7.75,8.25,8.75,6.8
1001406,6.8,3.75,6.75,7.5,7.5,8.8
1001408,8.4,4.25,7.75,8.5,9,9.8
1001409,8.8,8.25,8,8.25,9.25,9.4
1001410,6.6,5,8,5.75,9.5,7.2
1001411,8.6,9,8.75,8,10,9.8
1001412,5.6,4.75,6.75,7.25,7.25,9.4
1001413,6.4,3.25,6.75,7,8,2.2
1001414,9.2,7.75,8.25,9,9.25,9.2
1001416,7.4,6.5,8,7.5,8.5,10
1001417,8.6,4.5,6.75,8.5,9,8.8
1001418,5.4,3.75,6.25,5.75,8,3.2
1001419,7.6,5.25,7,8.5,8.25,7.8
1001420,5.6,4,7.25,7.75,8.5,8.2
1001421,6.4,2.75,5.25,7,7,4.4
1001422,7.8,5.5,7.5,8.75,8.5,9.2
1001423,8,5.25,6.75,8.5,8,8.8
1001424,7.2,6.25,8.25,6.5,8,7.2
1001425,9.2,7,7.5,8.5,9.25,9.6
1001426,4.6,4.25,4.75,7.5,8.5,5.6
1001427,7.6,6.25,7.75,7.75,7.75,8.8
1001429,7.4,4,6.75,8.25,7.5,6.2
1001431,7,3.75,6.25,7.5,8.75,7
1001432,7.4,8,8.25,7.75,10,8
1001433,7.4,5.5,6.75,7.25,7.25,9.2
1001435,4.8,3,5.75,7.75,8,3
1001438,4.2,3,5.25,7,6.25,5.4
1001440,8.6,4.75,7.75,7.5,9,7.4
1001441,8.6,3.25,6.75,8.5,7.75,8.4
1001442,4.2,3.5,5,5.75,6.75,2.6
1001445,5.4,3.75,6.5,6.25,7,3
1001448,8.4,4.75,7,8.5,7,8.4
1001450,6.6,3.5,6,6.25,7.75,4.8
1001451,7.2,6.25,7.75,7,8.5,9
1001457,5.8,4,7.25,5.5,8.75,4.8
1001460,6.2,3.5,6.5,5.25,7.25,4
1001461,8.2,6.25,7.25,7.75,9,9
1001467,8.8,5.75,7.25,8,8.25,8.8
1001469,7,6,6.5,7.5,8,8.4
1001471,8.6,7,7.75,8.75,9.25,8.6
1001476,6.2,4.25,7.25,6.25,9,3
1001478,6.6,7,5.75,7.5,7.75,6.4
1001479,7.4,4.75,7,7.5,9,7.4
1001480,4.6,2,5.25,6.25,7.25,6.2
1001481,4,3.5,5.75,3.75,7,3.8
1001483,8.4,6.75,7.5,8.5,8.75,9.8
1001485,8,6.75,5.75,6.75,6.5,7.6
1001486,8.2,6,8.25,7.5,9.5,9.2
1001487,8,3.25,7.5,7.5,8.5,8.4
1001488,5.6,3.75,5.75,7.75,7.5,4.2
1001489,5.6,6.5,7.75,6.75,7.5,9
1001490,7,5.25,6,6.5,9.75,8.6
1001493,4.2,3.75,6.25,5.25,8.25,4
1001494,6.6,5.75,6.25,8.75,8.5,4.8
1001495,6,4.25,7.75,4.5,7.75,3.6
1001496,8.4,5.25,6.75,9,8.5,9.4
1001497,2.6,3,3.25,4.25,5.25,3
1001501,7.6,5.75,8.75,6.5,9.75,8.2
1001502,7,6,7,7.75,8,6
1001504,8.2,5.75,7.25,8,8,9
1001508,7.8,5.5,8.25,7.75,8,9
1001509,8.6,6.75,8.5,8.5,7.75,9.2
1001512,7.4,5.75,7,5.5,9,6.4
1001513,7,4.25,6.5,7.75,6.25,9.4
1001514,8,7.25,7,7.75,8.75,8.8
1001516,8.8,4.75,8.25,8.5,9.5,8.8
1001519,9,4.75,7.5,8.25,6.25,8.2
1001525,8,6,7.25,7.25,9.5,9.2
1001526,4.6,3,4.5,7,5.25,3.4
1001527,8.6,5.75,6.5,8.5,7.25,9.6
1001528,5.4,4.25,7,7,8,9
1001529,9,8,7.5,8,7.5,9.2
1001530,2.4,5.25,7.25,5.5,8.75,5.2
1001531,7.4,3.75,6,7.25,8.75,7.6
1001532,5.2,3.5,5.75,6.5,8.75,3.6
1001533,8.2,7.25,8.5,8.75,9.25,9.4
1001534,7.2,6.25,6.5,8.25,7.25,9.4
1001535,7.6,4.75,7.25,9,7.75,8.8
1001536,6.8,5.75,7,8.25,8.25,5
1001537,6,5.25,7.5,5.75,9.25,3.8
1001538,9.4,5.5,8.5,8.75,9.5,9.6
1001539,7.4,5.25,7.25,6.25,8,7.6
1001540,7.8,4.75,8,3.5,8,8.8
1001541,4.2,3.5,6.75,5.5,9.25,3
1001542,8.2,5.75,7,7,7.25,9.8
1001543,8.2,7.25,8,7.5,8.25,9.2
1001544,9,8,8,8.25,8.5,7.8
1001545,2.2,3.75,7.25,6.75,7.75,3.4
1001546,3.4,6.5,7,6.25,9.75,4.6
1001547,8.4,3,6.5,6.5,8.5,5
1001548,7,7.5,9.25,7.25,9.25,10
1001549,7.6,6,8,7.5,10,8.2
1001550,7.4,3,5.5,7.75,6.25,3
1001551,6.4,4.75,8,6,10,7.2
1001552,6.4,4,7,7,8.25,7.4
1001553,4.2,5,7,6,8.5,7.8
1001554,4,3.75,6.25,6,6.5,2.8
1001555,6.4,7.75,8.25,7.5,8.75,4
1001556,8,5.5,5.25,8.5,7.5,7.6
1001557,8.8,6.25,8.25,8.5,9.25,9.4
1001558,7.8,6.5,7.5,8.25,7.75,9.2
1001559,8.8,5.75,6.75,7.75,7.5,8.8
1001560,7.6,4.5,7.5,7.75,8.75,9.2
1001561,8.4,5,7.5,7.75,8.5,8.6
1001562,7.6,8,8,6.5,9.25,6
1001563,6.8,5.5,6,7,7.5,8.6
1001564,7.4,5.5,6,5.75,7.75,8.2
1001565,8.6,5.75,8.25,8.5,8.75,9.2
1001566,6.4,2.75,7.25,6,8.75,3.8
1001567,8,7,7.5,7.75,8.25,9
1001568,8.4,5.75,8,8.5,9.25,9
1001569,8.2,6.5,8.25,8.25,8.75,9.8
1001570,6.4,8,7,7.75,9.5,7.8
1001571,7.2,4.25,4.75,8,7.25,8.8
1001572,7.6,7.25,8.75,8,8.75,8.6
1001573,7.8,6.75,8.25,8.75,9.75,9.2
1001574,8.2,6,9,8.5,9.75,8.4
1001575,7.4,3,6,7.5,7.75,8.6
1001576,8.4,8.75,9.5,8.5,9.25,9.8
1001577,7.8,5.5,7,8,7.5,6.6
1001578,9,3,7.25,8.5,8.25,8.4
1001579,7.4,9,8.5,8.75,10,9.8
1001580,7.8,6,7.25,8.25,9.5,8.6
1001581,8.2,6.75,7.25,9.25,8.75,9.4
1001582,8.6,7.25,7.75,8.5,7,9.6
1001583,7.8,6,6.75,8.5,8.5,9.2
1001584,7.4,4.5,9,9,7.25,7.2
1001585,8.2,5.75,7.25,7.75,7.5,9.4
1001586,8,4,6.25,7.75,8.25,6.4
1001587,9,4,5.75,8.75,8.25,9.8
1001588,3.8,4.75,7.25,7.5,7.5,5
1001589,3.2,2.5,4.75,5.25,5.25,2.6
1001590,8.4,5.5,9,6,8.75,9.2
1001591,8,5.25,6.5,7.25,8.5,9.4
1001592,6.6,3,6.25,5.75,7.5,2.6
1001593,8,7.25,8.5,7.25,8.25,9.2
1001594,8.8,6.25,8,7.25,9,9.6
1001595,9,9.5,9.5,7.75,8.5,5.2
1001596,6.6,7.25,7.5,8.25,9.75,7
1001597,8.2,9.25,9,8.75,9.75,7.2
1001598,6.2,9.25,8,7.5,8.25,6.2
1001599,6.6,2.75,5.75,8.25,6.5,8
1001600,9.2,7.25,8.25,8.5,9.75,9
1001685,8.6,6.5,7.75,8,9.5,9
1001686,8.2,2.5,6,7,8.5,7.2
1001687,7,4.75,7,7.5,8.25,9.2
1001688,8,4.25,6.75,7.25,8.5,9.2
1001689,5.8,5,8.25,6.5,9.5,9.6
1001690,8.2,4.5,8,9,7.25,8.6
1001691,7.2,5,6,7,8.25,6.4
1001692,7.8,4.75,5.75,8.25,7,9.6
1001693,7.8,7.5,8,9.25,9.5,9.2
1001694,8.6,7.75,8.25,9,8.75,9.4
1001695,8.2,6,7.25,8,8,9.4
1001696,8,5.5,7.75,8.5,9.5,10
1001697,8.6,7.5,7.5,8.75,7.75,9
1001698,8,5.25,7.75,7.5,8.75,8.2
1001699,6.2,3.75,7,8,8.5,9.4
1001700,6.8,5.75,6.75,7.5,8,8.4
1001701,6.2,4.5,6.25,7.5,10,3.4
1001703,8.4,8,7.5,8.5,9.25,9.6
1001704,5.2,3.75,8.25,8.25,9.25,8.2
1001705,8.2,3.75,6.5,7.5,7.75,8.2
1001706,6.8,3.25,7,7.25,6.75,4.8
1001707,8,6.5,6.75,8,9.25,9
1001708,8.8,6.75,9,8.5,8.5,9.4
1001710,7.8,4.75,6.5,8.25,7.5,9.2
1001712,8,8.25,8,8,9.25,7.6
1001713,7.8,5,6,8.5,6.75,9
1001714,8.4,6.25,7.25,8.75,9.5,9.6
1001715,7.6,6.5,8.25,8.25,9,9.4
1001721,7,4.25,8.5,8.5,7.75,8.6
1001722,7.6,6,6,7.5,9.25,8.4
1001724,8.4,8.5,8.75,8.75,7.75,3.8
1001725,6,3,5.75,7,6,6.2
1001726,9.2,7.25,8.75,8.75,9.75,8.8
1001728,8.8,7.5,7.75,8,9.5,9.8
1001729,6.2,5.5,5,8.5,9.5,8
1001730,9.2,7,7.5,8.5,9.25,9.2
1001731,4.8,3.5,6,5,7.5,3
1001732,7.6,4.75,8,8.75,8,9.2
1001733,8,7.75,9,8.5,10,9.8
1001734,7.8,4.75,7.75,6,8,9.4
1001735,6.4,5.25,8.75,7,8.25,9
1001736,7.4,6,7,8.25,9.25,9.4
1001737,8,6,8.5,9,9.25,9.8
1001738,8.6,4.75,8.25,9,8.25,9.6
1001739,4.2,4,7,7.5,7.5,5.2
1001740,9,5.5,7.75,8.5,8.75,9.8
1001741,4.4,3.75,7.25,7,6.5,3.8
1001742,7.8,4,7.25,8,9.5,7.8
1001743,8.8,7,8.75,8.25,9.25,9.6
1001744,3,3.5,6.25,6.25,7.75,5
1001745,9,4.25,6.75,8,9,9.2
1001746,8.4,5.25,7.5,6.75,9.25,8.4
1001747,5.6,8.25,9,8.25,9.25,9.2
1001749,7.4,3.5,6,7.5,7.5,9.4
1001750,3.4,4.25,7,7,9.25,4.4
1001751,6,4,6.5,7.75,8,7.6
1001752,8.6,6,7,8.5,8.5,9
1001753,7.6,4.25,7.5,7,9,8.6
1001754,8.2,5.75,7.75,8.5,8.75,9.6
1001755,9.2,6.75,8,8.25,9.25,9.6
1001756,8.8,4,6.25,8.75,8.5,7.8
1001757,7.2,2.25,6.5,7,7,9.4
1001758,7.4,9,9,7.25,9.75,9
1001759,6,2.75,5.5,6.25,7.25,4.2
1001760,6.8,4.25,7.5,7.5,8.5,8.2
1001761,8.6,4,6,8.5,8.25,8.8
1001762,7.4,4.5,6.75,7.75,8,9
1001763,8.8,6,8.5,8.25,9.75,9.4
1001764,5.6,4.75,8,7.25,9.75,8.4
1001765,7.6,4.25,6.5,7,8.75,6.8
1001766,8.2,3.25,7.5,7.75,8.25,8.4
1001767,6.8,4.5,7,7,9.75,4.2
1001768,8.6,5.25,6.5,7.75,7.75,8.6
1001769,7.6,4,6.75,7,9,6.6
1001770,3.6,3.75,2.25,7,8,3.8
1001771,4.8,3.5,6.25,8.25,6.75,3.2
1001774,8.6,4.75,6.75,8.5,9,9.4
1001775,8.2,8.5,7.5,8,7.25,8.8
1001777,8,6.25,7.75,7,9,8.8
1001778,7.6,5.75,7.25,8.25,9.25,8.8
1001779,6.4,5.25,6.5,8,7,8
1001781,7.8,5.5,8.25,8.25,8.75,8.8
1001783,7.8,5.5,7,8,7.5,8.4
1001784,7.6,5.25,7.5,7.5,9.25,7.8
1001785,5.4,3.25,6.5,7.75,10,6.2
1001786,8.2,3,6,8.25,7,9.2
1001787,4.4,3.75,6,7.25,8.75,5.2
1001788,8,5.75,8,9,8.25,9.4
1001789,7,6.75,7,8.25,9.5,9.4
1001790,8.4,7.25,7.5,7.25,9,9
1001791,8.6,7.75,7.25,7.75,8.75,9.6
1001793,5,8.5,8.75,8,9.5,8.2
1001795,6.6,8,8.75,8,9,7.4
1001796,8.2,4.5,7.5,7.75,7.75,6.2
1001798,7.6,4,6.5,7.5,7,9.2
1001800,8.2,4.75,6.75,7,8.75,7.4
1001801,7.8,6.25,7.25,8.25,7.75,9.6
1001802,8.2,3.75,7.25,6.75,8,8.6
1001803,9.2,8.5,8.25,7,7.25,9.8
1001804,6.6,4.75,7.5,6.25,9,9.2
1001805,7.4,8.25,8.5,8.25,9.5,9
1001808,6.4,4,6.5,6,7.5,3.2
1001812,3.8,2.25,6.75,7,7.75,3.4
1001813,7.8,3.25,7,7.5,6,9.4
1001914,3,2.25,4.75,2.75,5.75,2.2
1001917,8.6,8,9,8.25,9.5,9.2
1001919,7.8,3.5,5.25,8,7.25,7.6
1001920,8.2,6.25,6.25,8.75,8,8.8
1001921,7.4,5.25,6.25,7.5,8.75,6.8
1001922,8,5.5,7.25,8.5,9,9.2
1001924,7.6,6.5,8.25,8.5,7.75,9.4
1001925,6.8,7.5,8.75,5.5,8.25,3.8
1001926,7.4,9,8.5,8.5,9.75,9
1001927,7.6,4.5,6.75,5.5,8.25,8.8
1001928,7.2,7,7.75,8,9.5,8.6
1001930,7.4,5.25,6.25,7.5,9,8.2
1001931,8.2,7,9,9.25,9,9
1001932,4.6,4.25,7,6.75,8.5,9.8
1001933,7.8,7.75,8.25,6.5,9.25,8
1001934,7.6,6,7.25,7,8.75,6
1001935,5.8,7.75,8.5,8.5,10,6.8
1001937,8.4,6.25,8.5,8.25,9.75,9.6
1001938,7.6,5,6.25,8.75,9.5,9.2
1001939,7.2,3,5.75,8,8,8.8
1001940,6.4,4,7,7.5,9.75,3.2
1001941,8.4,4.5,6.5,8.25,8.25,9
1001943,9,7.75,7,8.25,8.5,9.2
1001945,8,6.75,7.5,7.75,9.75,9.2
1001948,6,5.25,6.5,7.5,6.25,8
1001951,3.8,5,6,6.75,8.5,6
1001952,7.4,7,6.75,8.5,7.75,8.6
1001953,8,7.75,8.5,7.75,9.25,9.8
1001954,6.2,9.25,9.5,8.25,9,8.6
1001955,2.6,4,7.5,5.5,8.25,7.4
1001956,8.2,3.75,5.75,8.75,7.75,9.6
1001957,8.6,6,7.5,7.25,8.5,9.2
1001959,9,5.75,9.25,8.25,9.25,9.4
1001960,4,4.25,7,6,8,6
1001962,8.6,6,8.5,7.25,9.5,9.8
1001963,7.4,5.75,7.75,6.75,8.25,9.2
1001964,8.6,4.5,6.75,6.75,6.75,8.8
1001965,7.4,3.75,6.75,8.25,8.5,8.2
1001969,5.6,5,7,5.75,8.5,4.8
1001970,8.4,3.75,5.25,6.75,9,9.4
1001971,7.2,6.25,7.5,8.75,8.75,6.2
1001972,9.2,5.5,6.75,8.5,8.75,9.6
1001976,7.6,4,6,7.25,6.75,7.4
1001979,3.4,5,8,7.25,9.25,2.8
1001980,7.2,5.75,6.25,7.5,7.75,8.8
1001981,7.8,5.5,5.75,7.75,7.5,9.4
1001982,7.2,5.5,6.25,7.25,7.75,8.6
1001984,7.2,5.5,7,8.5,8,8.6
1001991,7.8,6.25,8.5,7.5,9,9.4
1001992,6.4,5.75,8.5,7.75,7.75,8.8
1001993,7.2,3.5,5.25,7,6.75,9.2
1001994,7.8,8,8.5,7.5,9.25,8.8
1001996,6.2,4,6.5,6,8.5,5.6
1001997,4.6,6,6.5,6,6.5,8.2
1001998,7,7.5,6.75,5.25,8,8.6
1001999,7.6,5.25,8.25,7.5,8.75,9.4
1002004,8,7,8.25,7.25,9.25,8.6
1002008,2.4,4.5,6,6.75,8,4.6
1002009,8.2,7.5,7.25,7.75,9.5,9.8
1002011,5.4,6,7.75,7,8,6.6
1002012,7.8,3.5,7.25,7.25,7.25,8.4
1002014,8.6,4.75,7.75,8.5,9.25,9
1002018,7.8,4.75,7,8.5,9,9.4
1002019,8.4,4.75,8,8.25,9.25,9
1002022,6.8,3.25,5,7.25,8.25,6.2
1002024,7.8,6,6.75,7,8,8
1002027,5.4,3.75,7,7.25,7.5,7.6
1002030,8,8.25,8.25,7.25,9,9.2
1002031,6.2,5.75,8.25,6.5,9.5,9.2
1002032,7,5.75,7.75,7,8,9.2
1002034,9.2,6.25,7.5,7.5,9,9
1002035,6.2,8.25,7.5,8,9.25,6.6
1002036,7.4,4.25,6.5,7.5,8,7
1002042,7,5.5,6.75,8,8.5,7.4
1002044,8.6,7,7.75,8,9,8.8
1002050,8.2,5.5,7.5,8.5,10,9.8
1002051,6,5.75,8,5.75,9,9.4
1002056,7.6,4.75,7.75,8,7,7.8
1002057,5.6,6,6.25,7.75,8,8.4
1002058,7.6,6.5,7,8.25,7.25,9.2
1002059,7.8,6.25,8.75,8,8.5,7
1002060,8.6,6,5.75,8.75,7.75,9.6
1002061,5.8,10,9,9,9,8.8
1002062,8.4,4.75,7,8.25,8,9
1002063,5.8,4.25,7.25,6,9.5,7.8
1002064,8.2,4.25,6.75,7.75,9.25,9.4
1002067,8.6,4,7.5,9,7.75,9.4
1002068,8.8,7.75,7.75,7.25,9,9.6
1002069,8.6,6.75,8,9,7.75,9.4
1002070,8.2,5.5,6.5,8,8.75,9
1002073,4.8,5.5,6,5.75,7.5,4.4
1002080,7.6,5.25,9,7,9.5,6.8
1002082,8,4.5,9.5,8.25,9.25,8.4
1002083,4.2,3.5,6.25,6.5,9,6.8
1002084,7.8,5.5,6,8.5,8.25,9.6
1002085,8,6,7,8.5,9,10
1002086,8.6,6.5,7,8.75,9.75,7.6
1002087,8.4,7.25,7.5,9,8,9.6
1002088,8.2,5.25,7.25,9,7.75,9.4
1002089,8.4,8,8.25,8.5,9.75,9.4
1002091,5,4.25,6.75,6,8.75,3.8
1002092,8.8,5,9.5,7.25,7,9.6
1002094,8.2,6.25,7.5,8.5,9.5,9.4
1002097,8.8,7.75,7.5,9,9,9
1002100,6.8,4.5,7.75,7,9.5,9.2
1002101,8.8,6.25,7.75,8.25,9,9.2
1002102,4.2,3.5,6,5.75,7,2.4
1002103,8.2,3.25,6.5,8,8.75,9.2
1002104,7.8,6.75,7,8.25,8.5,8.6
1002105,7.8,7.5,8.25,8.75,9,9.6
1002106,7.6,5.75,8.25,8.5,9.5,9
1002107,8,5.75,6.5,8.25,7.75,8.4
1002108,7.4,6.75,8,7.5,7.75,9.4
1002109,7,8.25,8.75,8.5,9.5,9
1002110,8.4,4,7,8.5,9,7.8
1002111,8.2,6.75,8.5,9,9.25,9.4
1002112,6,7.25,8,9,9.25,7.4
1002113,8.6,2,6.5,7.5,7,9.6
1002114,7.6,5.25,7,8.75,8.25,7.6
1002115,7.4,7.5,7.5,8.5,9,9.6
1002116,8.2,6,7.5,8.75,7.5,9.4
1002117,8,6.25,8.25,8.75,8.75,9.2
1002118,6.6,3.25,6.5,6.5,9,5.6
1002119,7.2,4.25,8.5,7.5,7.25,8
1002120,8.2,4.5,7,7.5,8.5,8.4
1002121,8.2,4,7.75,8,7.5,9.2
1002122,8,5,6.5,8,8.25,9.2
1002123,8,4.75,7,7.75,9.25,9.4
1002124,8.4,6.5,8.25,8.25,9.5,8.4
1002125,7.6,5,6.25,8.5,8.25,9
1002126,5,8,8.5,9,9.5,8
1002127,8.8,5,8,8.5,9,9.2
1002128,5.6,4.5,7.5,8.5,8.5,6.8
1002129,7.8,4,7.25,8.5,8.25,7.8
1002130,7.6,2.5,4.75,8.5,7,8.6
1002131,8,6.5,7.5,9,8.75,9.2
1002132,7.6,7,8,7.25,6.75,8.2
1002133,7,3.75,5.75,8,7.75,6.4
1002134,7.4,4.25,7,7.75,9,5.8
1002135,7.2,5.5,8.75,8,8.25,9.8
1002136,4.8,3,7.5,8,7.5,6.2
1002137,7.2,5.5,7.5,8.5,7.25,9.4
1002138,9.2,7.5,8.5,8.75,8.75,9.6
1002139,9,4.5,7.75,9,8.75,9.8
1002140,8.6,6.5,8.5,8.25,8.5,10
1002150,7.6,5.25,7,9.25,8.25,8.8
1002151,5.6,3,5.75,7.25,4,7.6
1002155,6.4,3.5,5.5,7.75,8.25,9
1002156,9,7.5,8.25,8,8.25,9.2
1002160,8,5.5,7.5,7.75,8.25,9.4
1002164,5,5,4.75,7.75,6.75,8.2
1002166,7.8,3.25,6.75,6.75,7.5,7.8
1002167,5.8,7.25,8,7.25,9,9.6
1002168,8.2,2.75,6,7.25,8.75,8.8
1002169,7,5.5,6.25,4.25,7.25,9
1002170,8.4,6.25,7.75,8,8.5,9.6
1002172,9.2,7.25,8.5,9,9.25,9.2
1002173,7,7.5,8.5,7,9.5,8
1002174,7.4,7,8.75,7.75,8.75,9.2
1002179,6.4,6.5,9.5,7.5,8.5,5
1002180,4.2,6,5.75,7.25,8.25,6.4
1002182,3.4,3,5.5,4,5.5,4
1002183,8,5.75,8.5,9,9.25,9.4
1002185,6.6,9.25,8,7.75,9.5,7.2
1002186,8.8,6.5,8.75,8.75,8,9.4
1002187,5.6,5,8.5,8,8.75,6
1002188,8,8,8.75,8,9.25,8.6
1002189,7.2,3.75,7.25,7.25,9,7.6
1002190,6.4,4.5,6,4.25,9.25,6.2
1002191,7.8,3.75,7.5,6.25,8,9.4
1002195,7.4,7,7.25,6.5,7,7.2
1002200,5,7,8.25,6.75,7.75,8.4
1002201,8,3,5.75,8,9,8.6
1002205,5.8,3.25,7.5,6.75,6.5,6.2
1002206,6,3.5,4.75,5.75,5.75,5.6
1002207,7.8,4.5,7.25,7.5,8.5,8.4
1002208,7.6,5,7.25,4.75,8,9.2
1002209,8.6,7.75,6,4,8.75,2.8
1002211,3.8,4,5.25,4,7.5,7.4
1002213,8,4.75,5.5,8,7,9
1002214,7.4,5.5,8.75,7.75,9.25,9
1002215,7.6,4.75,7,7.5,9.5,9.8
1002217,4.8,4.75,6.5,4.5,6.25,5.8
1002218,8,6.5,8,7.5,8.5,10
1002219,5.2,6.5,7.25,7.75,8.5,5
1002220,8.2,5.25,8.25,8,7.5,9.2
1002221,8.6,6.5,7.25,9.25,8.75,10
1002223,8.6,6,7.75,7.5,8.5,8.6
1002227,7,4.5,4,8,8.25,8.8
1002230,8.8,8,8.75,8.5,9.75,9.4
1002231,9.4,7.25,9.25,9.25,9,9.2
1002232,4.8,3.25,7.25,6.25,8,8.2
1002233,7.6,3.75,6.75,6.5,8.25,9.4
1002234,5.8,2,7,6,6.5,8.8
1002237,8,5.25,6.75,7.75,6.75,8.6
1002242,8.8,5.75,7,9,8.75,8.8
1002243,6.4,4,6.5,8.5,6.25,8.4
1002244,7.2,8,8.5,8.5,9,8.4
1002245,8.8,8.25,7.5,8.5,9.25,9.4
1002246,8.4,3.75,6.75,8.75,7.75,9.8
1002251,8.8,4,6.75,9.5,8.5,8.8
1002255,7.2,5.5,7,9,8.5,8.8
1002256,8.2,5.25,8,8.25,8.75,8.6
1002257,7.6,3,5.75,8,8.75,6.6
1002258,8.6,8,8,8.5,9.75,9.8
1002259,8,4.5,6.5,9,8.75,8.8
1002260,8.4,6.5,7,8.75,9.25,9.8
1002261,8.2,6.5,8.25,8,9.25,8.8
1002262,8,6.5,8,7.5,8,9.2
1002263,7.4,8.75,8.75,8.25,9.5,9.2
1002264,6.6,4.75,7,8.75,9.5,6.6
1002265,8,6.5,7.5,7.5,9.25,9.4
1002266,8,7.5,8,8.75,9,10
1002268,8.4,5.5,7.25,8.25,9,9.2
1002269,8.8,6,5,8,8.75,9.6
1002270,7.8,4.75,6.25,9.25,9,8.4
1002271,7.6,5.25,8,8.5,8.25,6.8
1002272,5.4,6.75,8,8,7.75,5.8
1002273,6.8,5.25,5.5,8.25,6.5,9.2
1002274,6.4,6.75,9,7,9.5,7
1002276,7,4.5,5.75,6.75,7.75,6.6
1002277,7.6,4.75,8,7,7.25,9
1002278,9.2,8.5,9.75,8.5,9.25,8.6
1002279,7,5.25,7.5,6.5,9.75,8.8
1002280,9.2,3.75,6.5,9,5.75,9.2
1002281,7.6,5.5,6.75,8.75,9,10
1002282,8.2,7.25,7.75,8,9.5,9.6
1002283,8,4.25,7,9,8.25,9
1002284,3,2.25,5,3.5,7.5,4.8
1002286,8,4,7.75,8,8,8.4
1002287,8.6,6.25,7.25,8.75,9.25,9.4
1002288,8.4,5.25,7.5,8.75,8.5,9
1002289,7,2.5,5.5,8.25,7.5,6.8
1002290,7,2.75,5.25,7.75,6.5,8.8
1002293,8.4,4.25,7,8.5,8.75,9.6
1002294,7.2,5.5,7.25,8.75,9.5,9
1002295,7.2,5,7.75,7.75,8.25,8.8
1002297,7,3,8,7.5,8.5,4.4
1002298,7.4,6.5,8.25,8.5,9.25,9.2
1002300,8,4.75,7,9,8,9
1002302,7.8,5.25,7,8.75,9.5,9.2
1002303,7.8,6,8.25,8.5,9.25,9.8
1002306,8,5.5,7,8.25,6,7.4
1002307,7.8,4.75,5.75,8,7.5,8.6
1002308,6.4,3.75,6.5,7.5,9,7.8
1002310,2.4,2.5,4.25,5,6,3.6
1002311,7.4,9,9.25,7.5,8.5,7.2
1002312,7.6,4.25,7,7.25,8.25,8.4
1002313,5.8,4,6.75,7.5,7.75,4.2
1002314,4,4.25,6.75,7,9.5,9
1002316,8.4,3.25,6.5,8,7.75,9
1002318,4.4,3.25,6.75,5.5,9,3.2
1002319,7.4,7.5,7.75,7.5,8.75,9.6
1002322,4.6,4.75,8.5,7.25,8.75,4.4
1002325,5.6,3,5,6,7.25,2.2
1002327,3.4,3.5,6.75,5.5,8.5,4
1002328,8,3.75,6.5,7,7.25,10
1002330,8.2,5,8.5,7.25,9.25,10
1002337,8,4.5,6,7,8.5,9
1002338,8,7.75,8,7.75,8.75,9.4
1002344,6,5,7.25,6.25,9,8.6
1002348,8.4,6.5,7.75,8.25,9.5,9
1002349,8.2,5,7.75,7.75,8.5,9.4
1002350,7.8,6,7,6.75,9.25,8.2
1002352,8.6,6.75,8.5,8.25,9.25,9.6
1002353,6.6,3.25,6,7.25,8,4
1002354,7.4,4.5,5.75,7.5,6.5,9.2
1002355,7.6,7.75,8.75,7.5,9.75,9.4
1002357,8,5.25,6.25,8.25,7.75,9.4
1002358,7.4,5.5,6.25,7.25,7,9.6
1002360,6,4,6.5,8,7,7.8
1002361,7.8,5.75,6,8.75,9.5,8.8
1002362,8.2,5.25,7,8.75,8,9
1002363,7.8,5,6.75,8.5,8.25,9.6
1002365,8.4,5.25,7.25,8.75,9.25,9.8
1002366,5,3.25,7,7.25,8,8.8
1002378,5.6,6.25,8.75,8.5,7,6.6
1002380,8.4,7.5,8.5,7.5,8.75,9.2
1002381,8.2,6.75,9.5,8.5,8.25,9.2
1002382,7.2,5.25,6.75,7.5,9.5,9.4
1002383,7.8,4,6,7,7.75,7.2
1002384,6,7,8.75,7.5,9.5,5.4
1002387,7.6,5.5,7.25,8.5,8.5,8.2
1002388,3.4,4.5,7,6.75,7,6.6
1002389,7,3.75,6.75,9,7.25,8.4
1002393,7.6,1.25,5,8.25,6.25,8.6
1002394,8.8,4.5,7.5,8,8.25,7.2
1002395,7.8,4.75,7.5,8.25,8,8.8
1002396,7.2,4,6.25,8.25,8.5,6.8
1002397,3,2.25,6,6.75,5.5,3.8
1002399,4.8,4.5,8.25,7,9,5.2
1002400,8.2,7.25,7.5,8.75,7.75,9.6
1002402,7.4,4.25,7,6.25,7.75,5.2
1002403,6.4,4,7.5,8,8.25,9.4
1002404,7.4,4.75,7.75,7,9.25,9.6
1002405,6,3,5.25,6.25,7.5,6.2
1002406,8.4,3,6.25,8.25,6.5,8.4
1002408,7,3.75,5.75,6,9.75,7.4
1002409,9,5.75,7.75,9,9.5,9.8
1002410,6.6,5.5,7.5,7.5,8.5,8.4
1002412,8.4,3.75,5.75,8.75,9,8.8
1002414,8.2,7.75,8.75,8.25,9.25,9.4
1002415,7.8,3.75,6.75,9,7.75,8.4
1002416,7.6,4.25,7.25,8.5,7.5,9.2
1002417,8.4,7,7.75,9,9.25,9.4
1002418,8,5.5,7.5,9,9,9.6
1002419,3,3.75,7.25,7.5,8.25,7
1002420,7.6,5,6.25,5.75,8.5,5.6
1002421,6.4,4.75,6.25,6.75,7.75,9.6
1002423,6,5.25,6,6.75,6.5,3
1002424,6.4,3.5,6.5,6.25,8,6.4
1002425,7,4.75,6.5,8.5,7.75,6.4
1002428,6.8,7.75,8.5,8.5,9.25,8.6
1002429,8.8,5.75,4.75,8.25,8.25,9.4
1002431,7.4,5.75,6.75,8,7,8.8
1002432,7.8,2.75,5.25,8,7.5,8.6
1002433,7.8,5.75,8,8.75,8.75,9.6
1002434,8,4.5,8,8.5,7.75,9.4
1002435,4.8,2.5,5.25,7.75,8.25,6.6
1002436,7.6,3.25,5.75,8.5,8,9
1002437,8.8,4.5,7.5,8,9,8
1002439,8.4,5.5,8,8.75,8.75,8.4
1002440,8.8,7.25,9,8,9.25,9.4
1002441,9,4,8.75,9,8.5,9
1002442,7.8,4,6,8,7.75,9.8
1002443,6.4,5.25,6.75,8.25,6.25,8.8
1002444,7.8,6,7.25,7.25,8.25,9.8
1002446,8.4,7.5,7.75,9.25,8.5,9.4
1002447,8.2,4.25,7,8.5,8.25,9.2
1002449,7.6,7.25,8,8.5,8.25,9.4
1002450,8.2,4.5,6,8,7.5,8.8
1002451,7.6,5.25,7.75,9,8,9
1002452,7.2,8.5,9,8.5,7.25,7.2
1002453,7,4,6.5,8,8,6
1002454,8,7,9.5,8.5,9.75,10
1002455,7.8,5,7.25,8.75,9.5,8.8
1002456,7.4,4.5,7.25,8.25,7,5.4
1002457,8.2,4.75,7.25,8,9.5,9.4
1002460,8.4,4.5,7.75,9.25,8.75,9.2
1002461,8.4,7,8,8.5,9.75,9.8
1002462,9,7,8.25,8.25,9.5,9.4
1002463,7.4,5.25,8.25,7.75,9.5,9.8
1002465,7.8,2.5,8,8,8.75,9
1002466,7.6,4.25,6.5,8.5,8.25,9.2
1002467,8.2,2.75,6.75,9,9.75,10
1002468,8.6,4.75,8.25,9.5,8.25,9.6
1002469,8,4,6.75,8.75,7.5,8.2
1002470,7.8,5,8.25,8,8.75,8.8
1002472,8.4,4.5,7.5,8.75,9,9.4
1002473,7.8,3.5,7.25,9,9,9.4
1002474,7.4,4.5,6.75,8.25,7.25,9.2
1002475,8,7.75,9.25,8.5,9.5,9.8
1002476,7.6,6.5,7.25,8,9.25,9.8
1002477,6.4,4.5,7,7.5,9,6.6
1002483,3.2,3.75,6,6.5,7.5,3.4
1002484,6.4,5.5,6.75,8,8.25,6.4
1002486,8,4,4.25,8,5.5,8
1002487,9,3.5,4.5,9,8.5,9.8
1002490,4.6,3.25,5.75,6.25,6.25,3.6
1002492,7.6,3.5,7.5,8.5,7,8.6
1002494,7.4,7.5,8.5,7.25,8.75,9.6
1002498,7.6,5.5,6.75,6.5,7.25,2.2
1002499,8.2,5.25,7.25,6.75,8.25,7
1002500,8.8,7.75,9.75,8.5,9,9.4
1002501,8.2,6.5,6.5,8,8.75,9.4
1002502,8.4,5.25,7.75,7.75,7.25,9
1002503,7,4.5,6.25,7,8.25,9.2
1002504,6.6,3.5,7,6.5,7.5,8.4
1002505,6.8,2.25,5.75,5,6.25,4
1002507,7.8,5.5,6.75,8,9.5,9.8
1002508,5.4,6.25,6.5,6.75,9,8.8
1002511,8.6,7,7.25,8.75,9,9
1002512,6.2,4.5,6.75,7.75,6.5,8.6
1002516,5.4,3.5,5.75,7,6.75,3.8
1002520,7.6,3.75,6.75,8.25,6.25,7.4
1002522,8.2,4,7.25,8,7.75,9.2
1002523,6.6,4.5,7.75,9,7.25,7.8
1002524,4.6,4,6.5,7,8.5,7
1002525,8.2,3,6.25,7,7.25,7.8
1002526,7.4,2.75,6.25,7.75,7.75,6.4
1002528,3,4,5,4.25,8.75,2.4
1002529,8.8,5.25,6.75,8.5,9,8.8
1002530,7.6,6.25,7,8.5,8.5,9.6
1002533,9,5.5,8.25,8.75,8.75,9.8
1002535,7.6,7,7,8,9.25,6.8
1002537,5.4,3.25,7.5,7.5,7.75,6.4
1002539,7.8,5,6.25,8.75,9.25,8.8
1002540,9,4.5,5.75,9.25,9.25,9
1002542,7.4,5.5,8.25,8,8.75,8
1002543,6.6,5,8,8.5,9.25,8.2
1002545,7.4,7,8.25,8.5,9.25,9
1002546,8,4.5,7.75,8.25,9.25,8.2
1002547,7.2,4.5,7,9,9.5,8.4
1002549,7.4,3.5,6.5,8.25,8.75,9
1002550,8.2,6.25,7.5,8,8.75,9.8
1002552,9.2,4,7.75,8.5,9.25,9
1002553,6.6,2.25,7,7.75,7.25,6.2
1002554,8,4.5,7.5,9,9.25,8.6
1002555,6.2,8,9,9,9.25,5.2
1002557,8.6,5.25,7,9,9.5,9
1002558,8.4,6.25,7.25,7,7.5,9.8
1002559,8.8,8,8.25,9,9.25,10
1002560,6.8,4.25,6.75,7.5,9,7.6
1002562,7.2,5,8,7.25,8.25,9
1002563,8.4,5.75,7.75,9,8.25,9.2
1002564,8.2,4.5,6.75,8.25,8,9.2
1002565,8.8,4.75,7.25,8,7.5,9
1002567,8.6,7.25,7.75,8.75,9.5,8.6
1002568,7.8,4.5,6.5,8.75,6.75,9.4
1002569,2,3.75,5.5,4.25,5,5.8
1002571,8.6,4,6.75,7.75,5.75,8.2
1002573,8.6,6,7,8.25,7.5,9.6
1002575,5.4,8.25,8,5.75,9,7
1002578,7.6,4.5,8.25,7.5,8.75,9.4
1002580,6.8,7.25,8,6.75,9.75,9.2
1002583,2.4,4.5,6.5,6.25,8,4
1002584,6.6,4.75,7,4.25,8,6.2
1002586,7.8,4.25,7.5,7.5,8.25,9.2
1002587,8,8,7.75,8,9,9.4
1002590,8.4,5.5,7.5,7.75,7.75,9.4
1002596,7.6,7.75,8.75,7,9,9.6
1002597,8.4,5.5,7.25,8.25,8.25,8.8
1002601,7.8,7.75,9.25,8.5,7.25,6.4
1002604,5.2,4.5,6.25,7.5,7.75,8.2
1002606,6.4,4.5,6.5,6.25,6.25,7
1002608,6,4.25,6.5,5.5,9,7.2
1002610,7.8,7.5,8,6.75,8.5,9.4
1002611,8.4,6.25,7.5,8.75,7.75,8.6
1002613,3.8,4.25,6.5,6.5,8.5,6
1002615,8.4,6.5,6,7.25,9.25,9.6
1002616,6.2,6,6,5.5,8.75,6.2
1002623,7,5,7,7,7.25,5.2
1002624,7.6,4,6.75,7.75,7.75,7.8
1002626,9.2,8.5,6.75,8.25,9.5,9.6
1002628,7.2,3,6.5,6.75,8.5,5
1002629,8.6,3.75,6.75,8,6.25,9.6
1002630,6.2,4.5,7,7.5,7.75,8.8
1002631,8.2,5,6.25,8.25,7.75,5.8
1002637,7.4,4.5,6.5,7.75,7.5,7.6
1002638,8.8,5.75,7.5,8,8.25,8.8
1002641,8.8,3.5,4.75,7.25,7.75,8
1002644,7.6,7.5,8.25,7.75,9,9.8
1002645,7,6.5,7.5,7,6.75,8.8
1002647,8.2,7.5,7.75,8.5,9.5,9.8
1002654,7.2,5.75,8.75,8.5,9.25,8.8
1002657,8.6,8.75,9,9,8.75,9.4
1002659,5.8,4.75,6.5,8,8.25,5
1002660,5.6,5.5,7,7.5,7.5,3.6
1002661,7,5.25,6.75,7,8.25,5.4
1002662,8.2,3,5.75,8,7.5,8.2
1002663,7,4.75,7.25,8.25,8.5,9
1002664,8.4,6,7.5,7,8.75,9.2
1002665,6.6,4,7,6.25,9.75,3
1002666,9,6.5,8.5,6.75,9,9.4
1002667,8.4,4.75,5.5,7.25,6.5,8.2
1002668,8.4,5.75,8.25,8,8.25,9.2
1002669,6.6,3.75,6.5,8.25,6.5,8.8
1002670,7.2,5.25,7.5,8,9,10
1002671,8,4.25,7.75,7.5,9,9.8
1002672,8,6,7.75,8,8,8.4
1002673,6.6,6.5,7,8.5,9.5,8.4
1002674,8,3.75,5,7.5,8,9
1002675,4,4.5,6.25,6.5,9.5,3.4
1002683,6.2,9,9.25,9,10,7
1002684,7,4.25,7.75,7.75,9.25,8.6
1002685,8.2,6.25,7.5,7.25,9.25,9.4
1002686,6.2,5,7.75,7.5,8.75,5.4
1002687,8,5.25,8,8.75,8.75,8.6
1002688,8.6,5.75,8,8.5,8.75,9
1002689,6.6,6.5,6.75,6.5,9.5,8.8
1002690,9,6.25,8,8.25,8.75,9.8
1002691,9.2,9.5,9.75,8,9.75,9.8
1002692,7.6,6.75,7,8.5,9.25,9.2
1002693,7.8,8.25,7.25,8.75,7.5,8.8
1002694,7.2,2.5,8,6.75,8.5,8.6
1002695,6.6,5.5,6,8.75,6.5,9.6
1002696,4.8,7.75,8.75,7,8.25,8
1002697,7.4,5.75,6,8.25,7,9.8
1002698,7,7,10,7,8.25,9.4
1002699,9,4.5,8,8.75,8.75,8.8
1002700,7.4,6,7.75,8.5,8.75,9.8
1002701,7.2,5.5,8.25,8.5,9.25,8.8
1002702,8,6.25,6.5,8,9.25,9.6
1002703,8.6,6.75,7.25,8.25,7.5,9.6
1002704,8.2,7.25,8.5,8.25,9.5,9.6
1002705,8.2,3.75,7.25,8,8.5,7.4
1002706,6.8,5.75,9,8.5,9.25,7.2
1002707,8.6,8.25,8.75,8.25,9.5,9.4
1002708,7.6,5,6.75,8.75,8.75,8.2
1002709,8.8,5.5,8.5,9,9.25,9.6
1002710,8.6,9,9.25,8.5,9.75,9.2
1002711,8.2,4.75,7,9,8.25,9.4
1002712,5.6,5.75,7.5,7.75,9.25,7
1002713,9,4.25,7.5,7.75,9.25,9
1002714,7.6,3.75,5.75,7.75,7.25,7.6
1002715,4.2,3.25,6.75,6.25,7.75,4.8
1002716,8.6,8.75,9.25,8,10,9.4
1002718,7.8,5,7,8.25,8.25,8.6
1002719,8.4,3.25,5.25,8,7,9.8
1002720,8,8,7.25,8,9.5,9
1002721,7.2,6,7.5,8,7.75,9
1002722,8.8,4.5,7,8.5,8.5,9.6
1002723,7.2,7.75,9.25,8.25,9,7.8
1002724,7.8,4.75,7.5,7.75,7.25,9
1002725,6.2,3.5,5.5,6.75,8.75,5.6
1002726,8,5.75,7.75,8.25,8.25,9.4
1002727,6.4,7.75,8.75,8.75,8,8.2
1002728,7.4,4,7,5.25,8.25,8.8
1002729,6.4,4.75,6,6,7.25,7.8
1002730,7,3.5,6.75,7.25,7.25,8.8
1002731,3.2,3.5,0,3.75,0,3.6
1002732,4.6,4.25,5.75,6.75,7.5,8
1002733,8,4.25,5.5,8,7,9
1002734,8.8,3.25,7,8.75,7.75,8.2
1002735,6.2,4.25,6.25,8.25,7.25,5
1002736,8,6.75,6,8.5,7.5,9.6
1002737,7.6,6.25,7.75,8.25,8,8.4
1002738,6,4,7.5,6.5,9.75,4.8
1002739,8.4,6,8.5,7.75,9.25,9.4
1002740,5.4,4.75,5.25,7.5,6.25,5.2
1002741,7.6,9,8.75,8,9.75,3.8
1002742,8,5,7,7.75,9.25,8.6
1002743,7.4,8.5,9,7,9,8.8
1002744,8,3.5,7,7.25,8.75,8.4
1002745,7.8,6.75,5.75,6.25,8,8.4
1002746,5.2,6,5.75,6.75,8.75,5.2
1002747,8.8,4.75,6.5,7.5,8.5,9
1002748,7,4.75,6,8,8.5,8
1002749,2.4,6.75,7.5,6.75,8.25,7.6
1002750,6.6,5,8.25,7.5,8.5,8.8
1002751,6,5.5,7,8,9.5,8.8
1002752,8,7,7.25,7.5,9,9.8
1002753,6.2,4.25,6.75,6.25,7.25,9
1002754,5,3,5.5,6.25,8.25,3.6
1002755,4.6,5.25,7.5,7.25,8.75,4.4
1002756,4.2,2.5,3,5.5,7,2.2
1002757,7.6,6.75,8.5,5.75,9,9.2
1002758,7.6,6.75,7.75,7.25,7.75,8.6
1002759,8,6.75,8.25,6,7.75,8.4
1002760,8.2,3,7.5,6.5,7.25,7.8
1002761,7,4,7.5,8.25,8.75,8.2
1002762,7.6,3.25,6.5,6.25,9.25,6.6
1002763,7.8,3.75,6.75,8.5,8.25,9.2
1002764,3,2,4.75,4.75,6.5,3.4
1002765,9.2,6.75,9,8,8.25,9.8
1002766,8,5.5,7.75,8.5,8.75,9
1002767,7,4.25,7,8.75,6.75,7.4
1002768,6.2,5.5,7.25,7.5,6.5,8
1002769,6,5,6.5,6.75,8.25,6.4
1002770,8.6,5.75,8.5,7.5,9,9
1002771,7.8,5,7.5,8.75,8.5,8.2
1002772,7.8,5.75,6.75,8.25,7.75,9
1002773,7.6,3.25,7,8.25,7.5,9.4
1002774,7.4,2.75,7.5,8.25,6.75,7
1002775,7.6,2,6.25,8.25,7.25,8.8
1002776,6.6,5.25,6.5,8.25,7.75,7.8
1002777,3.4,4.25,5.5,6.5,7.25,3.8
1002778,7.4,3.75,7.25,6,7.5,7.8
1002779,5.6,4.25,4.5,6.75,6.75,8.4
1002780,8.2,5.75,6.5,8,8.75,9.2
1002781,7.2,4.25,6.75,9.5,9,7.4
1002782,7.4,6,7.75,8,9.25,9.2
1002783,6.6,6.75,7,8,9,9.2
1002784,7.8,7.5,8.5,8,9.25,6.6
1002785,7.6,7.25,8.5,4.75,9,8.8
1002786,5.8,4.25,8,8.75,8.75,7.6
1002787,6.8,3.5,5.75,6.25,7.75,7.2
1002788,6.4,5,6.75,8,8.75,7.4
1002789,6.8,4,7.25,6.25,7.5,7.6
1002790,8.8,7.5,8.5,7.75,10,8.4
1002791,7.6,7,7.5,8,6.75,9.2
1002792,5.8,6.5,5.5,6.75,8.5,8.2
1002793,5.6,3.75,6.25,3.75,8,7
1002794,7.4,4,7.25,7,8.75,8.8
1002795,7.4,4,7.5,7.5,9,7.8
1002796,8.6,6,8.75,8.25,7.75,9.2
1002797,5,4,8.25,6.75,9,6.2
1002798,9.4,7.75,8.75,7.5,9.5,8.8
1002799,8.4,6.5,7,8.75,9.25,8.8
1002800,8.8,5.5,6.25,8,8.5,9
1002801,4,5.5,5.25,5.75,7.25,7.8
1002802,7.8,6.25,6,8,9,7.8
1002803,8.4,7.5,9,7.25,9.25,7
1002804,8.4,4.5,6.25,6.5,8.5,8
1002805,8,2,6.25,8,8,9
1002806,8.2,5.5,8.25,8.5,10,9
1002807,7.8,4.5,6.75,8.5,9,9.2
1002808,8.2,6.25,7.75,8.5,9.5,9.8
1002809,8.4,4.75,10,8.75,8.5,9
1002810,8.2,5.75,6.25,8.75,8,9.6
1002811,6,6.25,7.25,8.25,7,3.6
1002812,7.8,4.5,7,8.5,8.25,9.4
1002813,8.2,6.25,7.25,8,6.25,8.4
1002814,8,6.5,8,7,8.25,10
1002815,3.4,2.75,5.5,5,6.75,2.2
1002816,9.2,4.75,6,8,8.25,8.6
1002817,9,7.75,7.5,9,8.5,9.4
1002818,8.4,5,7.25,8.5,8,9.2
1002819,7.2,6.25,7.5,8.75,7.5,9
1002820,7.6,4.5,7.75,7.5,9,9
1002821,8.6,7.5,8.25,7.5,9.25,9.8
1002822,6.2,4.25,6.25,6.75,7.25,9
1002823,8.2,6.25,7.75,8.5,9,9.6
1002824,4.2,4,7.5,5.25,9.25,3.6
1002825,8.2,5,7,8,9,9.4
1002826,8.2,4.75,8.25,8.25,9.5,9.2
1002827,7.6,5.25,8,8.25,9.5,7.8
1002828,7.8,6.75,8.5,8,9.25,9.6
1002829,6,4.75,7.25,7.75,8.25,6
1002830,8.2,8.75,8.5,8.5,9.5,9
1002831,8.8,6.5,6.75,8.75,8.25,9.6
1002832,7.8,6,7.25,8.25,9.5,9.2
1002833,5.8,3.75,6.5,7.75,9,8.4
1002834,7.6,5.5,7,8.5,7.5,8.8
1002835,6.8,6.5,8.25,8.25,8,9.6
1002836,7.4,8.5,8.75,7.5,9.5,6.6
1002837,4.4,7.75,9.75,8,8,9.2
1002838,7.2,3.75,5.75,9,7.75,7.4
1002839,7.2,5.5,6.5,7.75,6.25,8.6
1002840,6.2,3.75,5.75,7.25,7.25,7.4
1002841,7.8,3.75,6.75,9,6.25,7.6
1002842,4.6,3.5,6.5,8.5,6,6.8
1002843,7.8,4.5,6.5,7.5,9,9
1002844,5.8,4.25,5.25,7.75,8.5,7.8
1002845,4.4,3,7,8.25,7.75,7.4
1002846,8.6,4.5,7,8,8,7.8
1002847,5.6,2.25,5.25,8,8.25,7
1002848,7.4,3.5,5.75,8.5,7,8.6
1002849,5.4,4.5,7.75,8,8.75,5.4
1002850,8.2,6.25,7.25,8.75,9.5,8.6
1002851,4,4.75,6.75,6.75,8.25,2
1002852,7.8,7.25,9.5,8.75,8.25,9.8
1002853,7.8,5.5,7.25,9,8,9.2
1002854,7.4,4.5,5.5,8,7.75,8.4
1002855,8.2,6.5,8,9,8.25,9.2
1002856,7.2,6,8,8.75,8.25,4.4
1002857,9.2,4.75,6.5,8.5,7.25,9.2
1002858,8.2,4.25,7,7.75,8.75,8.8
1002859,5.2,3,7.25,6,9,4.4
1002860,8,6.25,8.25,7.25,9.5,9.2
1002861,8.8,5,7,8,8,8.6
1002862,7,2,6.5,6.5,9.5,5.8
1002863,8.4,5,6.75,8.75,9,9.2
1002864,6,3.25,5.75,4.5,5.5,6.2
1002865,7.4,6.5,7.75,9,8.5,9.6
1002866,8.6,7.5,7.25,8,7.75,9.2
1002867,7.6,5.25,7.25,6.5,9.5,8.8
1002868,7.6,5.25,7.5,8,8,8
1002869,8,6.75,7.25,7.25,9,9.4
1002870,6.2,5.75,5.75,7.75,7.75,7.6
1002871,8.6,5.25,7.5,8.75,7.75,9.6
1002872,7.2,8,8.75,8.75,8,8.6
1002873,8.8,5,6.25,8.25,6.75,9.4
1002874,7.8,5,6.25,7.25,9,8.8
1002875,8,5,7.5,8.5,6.75,9
1002876,7.2,5,6.25,8.5,8.5,8.2
1002877,7.8,5.5,5.5,9.25,7.5,8.8
1002878,8.6,5,7.25,8.25,8,9.4
1002879,8.8,6.5,8,8.75,8.5,9
1002880,8.4,7.25,8,8,8.75,9.6
1002881,7.6,7.5,9,8.75,8,7.4
1002882,8.2,6.5,8,8.5,8.5,9.4
1002883,7.4,4.5,6,8.5,6.75,8.2
1002884,6.8,7.75,8.75,8.5,9,7.8
1002885,7.8,4.5,7.5,8.25,9,9.2
1002887,8.8,3,6.75,8,8.75,8.8
1002888,7.2,5,7.75,8.5,8.75,9.8
1002889,8.2,4.75,7.5,8,8.5,9.2
1002891,8,5,7.25,8.25,8.25,9.4
1002893,8.6,5.5,8,8.25,7.75,8.8
1002895,7.2,4.25,7.25,8.75,8.5,7.4
1002896,8.4,7.5,7.5,8.25,10,9
1002897,7,9.25,9.5,9,9.25,9.6
1002918,8.4,4.75,8.25,8.25,8.25,8.8
1002919,7.4,6.75,6,8.5,8.75,9.8
1002920,4.6,4.75,6.75,7.25,8.5,8
1002922,8.6,4,6.75,7.5,9.25,8.8
1002923,7.4,4.5,6.75,7.5,7.25,8.6
1002924,8.8,5.25,6.75,8.75,8.5,10
1002925,3.8,4.25,5.25,6.5,7.5,3.4
1002926,7.8,4,7.5,8,8.75,9.4
1002928,7.4,4.75,6.75,7.25,9.5,8.2
1002929,6.4,3.5,4.75,5.5,8.5,7.2
1002930,7.8,4.5,7,8.5,7.5,8.4
1002932,7.8,5.75,7,8.75,8,9.2
1002933,8.2,5.75,6.75,8,8.5,8.6
1002935,2.4,2.75,5.25,7,6.75,4.4
1002936,3.8,4.5,7.5,7.75,6.5,6.4
1002937,8.2,2.75,6.5,8.75,7.25,9
1002938,8.2,3.5,6.75,8.5,7.75,8
1002939,6,5.5,7.25,7.5,8.75,8.4
1002940,7,3.75,5.75,9.25,8,8.6
1002941,8.6,4.25,6.5,8.5,9.25,9.6
1002942,7,4.5,7.25,9.25,8.5,7.6
1002945,8.4,4.5,7.75,9.25,7.5,9.6
1002946,7.8,5,7,8,8.75,9.4
1002947,7.4,7.25,7.25,8.25,8.25,7.6
1002948,5.8,2.5,6.25,8.5,5.25,3.8
1002949,7.6,3.5,6.5,9.25,5.5,9.8
1002950,9.2,5,7.25,9,7.25,9.6
1002951,8.2,6.75,7.75,8.25,8.5,8.6
1002953,6.6,6.5,6.75,7.25,7.75,8.6
1002954,7.2,5.75,8,8,8.75,6.2
1002955,8,5.5,6.5,8,8.5,8.8
1002957,8.2,5.75,7.25,8,8.75,9.2
1002960,8,2,6.75,7,8.25,8.4
1002967,4.4,5.75,6.75,8.25,8.75,8.2
1002972,6.8,5,7,6.25,8.75,5
1002977,9,2,6.25,7.25,8.75,9.2
1002986,7,8.5,8,7.5,9.75,9.2
1002989,2.4,8.25,5.5,6.5,8.25,7.4
1002990,8.4,7,6.5,7.5,8,9.4
1002991,4.8,4.75,7.5,7,8.5,8.2
1002992,3,3.75,5.5,3.5,6.75,2
1002993,8.2,5.25,6.75,6,7.75,7.8
1002995,5.4,5,6.25,6.5,7.75,2.8
1002997,6.6,4,6.5,7.25,8,8
1002998,8.4,6.5,8.25,8.5,9,9.4
1002999,6.6,4.5,7.25,6,8,5.2
1003002,7.4,9,7.5,8,9.25,4.4
1003003,8.2,5.75,8.25,8.5,8.25,9.6
1003004,8.6,5.5,7.75,7.5,9.25,10
1003005,7.4,7.25,8,8.5,8.5,9.2
1003006,8.6,6.75,8.5,9,9.25,9.8
1003007,6,3.25,6.5,7,9.5,2.4
1003009,8.4,7.25,6.25,8.75,7.5,8.8
1003010,8.2,6,7.25,8,9.75,9.6
1003011,7.4,6.75,7,8,9,7
1003013,7.6,3.5,6.5,8.5,7.75,9
1003014,8,6.5,8.75,8.5,9.5,9.8
1003015,8.4,8.25,9,7.5,9.75,7.4
1003016,6.2,3.75,7.25,5.75,9.75,4.8
1003017,8,3.5,5.5,8.5,8.75,7.4
1003018,8.8,5.5,6.5,8.25,8,10
1003020,7.8,4.75,8,8.25,9.5,9.4
1003022,8.6,4,8.5,8.75,8.75,9.4
1003024,7,4.75,7,5.75,9.5,4
1003025,8,4.5,6.75,7.5,9.25,8
1003026,7,6.5,7.25,7,9.5,8.4
1003028,7.6,4,6.5,6.5,8.25,6.8
1003029,7.8,3.75,7.5,8.75,8.5,9.2
1003032,8.6,7.25,8.5,8.5,8,8.6
1003033,1.2,4,8,6.5,7.25,2.6
1003034,8,4.5,7.25,7.5,7.5,9.4
1003036,7.2,4,5.75,6.25,6.75,7.8
1003038,6.4,3,6,5.25,8.75,8.4
1003041,7,5.75,9.25,7.5,7,8.8
1003042,8,4,8,8.5,9.5,8.4
1003043,7.6,4,7,8.25,8.75,8
1003044,6.4,4.25,7.25,5.25,6.75,8.2
1003045,9.6,7.25,8.75,9,9.75,9.6
1003046,8.8,6.25,8.5,9,9.75,9.8
1003047,7,4.25,6.5,8.5,7.25,8.2
1003048,9,7.25,8.5,8.5,9.25,9.6
1003049,7.6,4,8,8,8.25,5
1003051,7.6,4.75,8.25,8.5,8,9
1003052,7.6,6.25,7.5,8.5,9.25,9.4
1003053,7.4,3.25,7.5,6.75,9,5.6
1003055,8.2,4.75,6.5,8.25,7.25,9.2
1003057,6.8,4.75,7.5,8,8.75,9.6
1003058,3.8,2,5.5,5,7.5,3.2
1003059,8.8,5,6.25,7.75,7.25,8.8
1003060,8,3.75,5.75,7.46,6.25,9.6
1003061,8.4,3.5,7.5,8,8.25,9
1003062,8.2,6,7.75,8.25,8.75,9
1003063,4.2,2.5,5.5,6,5.25,5.2
1003064,7.4,4,6.25,8.5,7.25,8
1003065,7.6,4.75,7,8,8.75,8.6
1003066,9.2,7.5,7,8.5,9.75,9.4
1003067,8.2,5.25,7.25,8.25,8.25,9.4
1003068,7.8,7.5,8.25,8.75,8.25,8.6
1003069,6.4,4.25,5.25,6.5,8.25,6.2
1003070,8.8,4.5,8.25,8.5,8.5,9.8
1003071,7,5.25,7.25,5.25,8.5,9
1003072,8.2,4.75,6.5,8.5,8.75,9.6
1003074,9.4,6.5,9,8.5,9.5,10
1003076,8,7.25,8.25,8.5,9.5,9.6
1003077,5.8,8,8.5,7.75,9.5,7.6
1003078,8.6,4,7.5,7.25,8.75,9
1003079,8.2,7.25,7.5,8,9,9.2
1003080,8.2,5.5,8.25,8.5,9.5,9
1003082,8.2,7.5,8.75,8.25,9.25,9.8
1003083,8,5.25,7,7,9,9
1003084,8.4,3.75,7.75,9,8.5,9.4
1003085,7.8,5.25,8,8.25,9.5,7.4
1003088,8.2,3.5,7.5,8.5,8.75,10
1003089,8.4,6.5,7.5,7.25,8,8.6
1003090,8.6,4,7.5,8.5,7.5,9.4
1003091,7.6,6.5,7.75,8.75,8.25,8.8
1003094,8.2,5.75,7,7,8.5,8.8
1003096,8,6.25,7.75,7.5,7.5,9
1003101,7,9.25,9.5,8,9.5,7.6
1003103,8.6,7.25,6,8,8.25,10
1003107,7.8,3.25,6,7.25,8,7.2
1003108,4.2,5.75,7,4.25,7.75,9.4
1003111,7,4.75,7.25,8.5,7.75,9.4
1003112,6.8,4.5,7.75,8.25,7.5,3.8
1003113,9.4,8.75,8.25,8.75,8.75,9.8
1003114,8.6,6,8,8.5,8.75,9.4
1003115,3,3.75,6.5,7,8,3
1003116,7.6,5.75,5.5,8.5,9,9
1003117,6.6,3.25,6.25,6.33,9,8
1003118,4.4,5.25,5.75,6.75,8.25,3
1003120,8.4,6.75,7.5,7.75,9.5,9.6
1003125,7.2,4.25,8,7.5,9.25,6
1003126,4.8,8.25,6.75,8,9.25,7.8
1003127,8.6,6.75,8.25,9,8.5,9.6
1003129,8,6.75,6.25,8.25,7,8.6
1003130,7.4,6.5,8.25,7,8.25,6.6
1003131,5.8,3.75,7,7.5,7.75,5.6
1003132,5.8,7.5,7.75,7.75,8.75,5.2
1003134,8.2,6.5,7,8.75,8.75,9.4
1003135,6.4,4.25,6,6.5,8,4.8
1003136,2.4,4.5,6.5,6,6.25,2.4
1003138,7.8,6.25,9,7,9.75,8.6
1003139,9,5.75,7.75,8.75,8.75,8.8
1003141,6.4,3.25,5.5,6.25,8.25,7.6
1003142,9.2,3,6.75,7.5,8.75,9
1003143,8,8.25,8.75,8.25,9.5,10
1003144,7.8,7.5,8,9,9.25,9.8
1003145,6.8,7.25,7.75,8.5,8.25,8.2
1003147,8.2,6.75,7.75,8.5,9.25,9.8
1003149,8.4,4.5,8,9,9.5,9.2
1003150,7.4,6.75,7.25,8.5,9.75,7.6
1003151,8.8,4.75,8,8.5,7.5,9.2
1003153,8,5.25,6.75,8.5,8.25,8.4
1003154,6,5.25,7.25,8.5,8.25,7.2
1003155,7.2,8.5,8.75,8,9,7
1003156,8.2,2.5,6.5,8.25,6.25,9.6
1003157,8.4,5.75,7.5,7.75,8.25,8.2
1003158,8,5.75,7.75,8.25,9.75,9.6
1003160,8.4,5.75,7.5,8.5,8.75,9.2
1003161,7.6,2.75,5.5,8.25,7,9
1003162,9,5,8.75,8.25,9,10
1003163,7.8,4,7,8,8.75,9.6
1003164,8.2,5.75,6.5,8.75,8,8.6
1003165,7.2,6,7.75,8,7.75,8
1003166,5.6,6.25,8.25,7.75,9.75,5.4
1003167,7.8,6.5,7,8.75,9.25,9.4
1003168,4.6,2.75,4.25,6,6.5,4
1003169,8.8,3.5,5.75,8.25,8.25,8.2
1003170,8.4,4,5.75,8,8.5,9.2
1003171,8,5.5,8,7.25,9.25,8.8
1003172,8.2,4.75,7.25,8.25,10,8.6
1003173,8.4,4.75,8,8,8.5,9.8
1003174,6.6,3,6.75,7.75,8,9.6
1003175,6.4,5.25,7.5,7.25,9.75,8.8
1003176,7.2,3.5,6.25,5.5,8.5,6
1003177,8,3.75,6.75,7.5,8,9
1003178,2,3,5,3.5,6.5,2.4
1003180,6.2,3.75,7,7.75,9,2.6
1003181,6.2,3.5,6.75,7.25,8,6
1003182,8.2,5.75,8.25,7.75,8.75,9.2
1003183,5,4.25,6.75,6,9,4.4
1003184,6,4.5,5.5,6.75,9,4
1003186,7.2,6,7,6.5,9,8.4
1003187,3.2,3.75,5.75,6.25,6.25,3.2
1003191,8.8,3.75,7.5,7.75,8.5,9.8
1003192,4.8,7.25,8.25,7.75,9.5,3.8
1003197,7.4,7.5,9.25,6.75,9.25,9
1003199,8,5.25,7.5,7.75,8,9.2
1003205,4.8,7.25,6.75,4.75,8.75,9
1003210,6.2,4.75,8.5,7.75,7.5,5.6
1003211,7.2,6.5,8.25,8.75,9.5,9.2
1003212,8.2,4,7.75,8,9,9.2
1003213,8.4,3.75,7.25,8.25,9.25,8.2
1003214,6.6,2.5,6.75,7.25,7.25,4.2
1003215,7.8,5,8,8,9.5,7.8
1003332,5.8,7.5,9.25,8,8,7.8
1003333,6.6,7.5,7.25,7.25,9,8.8
1003334,2.6,2.5,6,4.5,8.25,3.4
1003335,8.2,4.75,6.5,8.5,8,9.2
1003336,8,4.25,6.75,8.25,9.25,7.8
1003337,6.6,9,9.25,8.5,9,10
1003338,7.6,6.25,7.75,7.75,9,8.8
1003339,8.4,8.25,8.75,8.5,9.5,9.2
1003340,8,6.75,7.25,8,9.5,8.4
1003341,7.8,4.25,6,8.5,7,8.8
1003342,7.4,3.5,5.75,7.25,6.75,9
1003343,7,5.5,6.25,4.75,7.25,5.4
1003347,7,1.75,5.75,7.5,7.5,6.6
1003348,8.8,4.75,7.75,8.75,8,9.2
1003350,8.2,5.75,7,7.75,9,7.2
1003352,7.8,8.5,8,8,9.5,9.2
1003354,6,4.75,7.5,7,8.25,9.2
1003356,8.6,5.75,7.75,8.5,10,9.8
1003357,7.8,5,7,8.5,9.25,9
1003359,5.4,3.5,6.5,6.75,8.5,2.8
1003360,7.2,4.5,6,9,8.75,8.2
1003361,2.8,3.5,5,6.5,5.25,3.4
1003368,7,6,7.5,7.25,9.25,8.2
1003369,4.2,4.5,8.5,7.25,8,4
1003372,6.4,3,7.25,7.5,9,3.2
1003373,8.8,6.5,7.75,9,9.75,9.8
1003375,8.4,6,7.5,7.75,8.75,8.8
1003379,8,5,7,8.25,7.75,9.2
1003380,5,6,6.5,7,7.5,4.6
1003386,6.4,6,7.25,7.5,8.25,7.8
1003388,7.6,4.25,7,7.25,9,9.8
1003389,6.6,2.5,5.25,6.75,6.75,5.8
1003390,8.6,5.25,7.25,8.75,7.5,8.4
1003391,6.8,5.75,6.5,6.25,9.5,4.2
1003392,5.6,5.75,7,5.75,7.25,4.2
1003395,8.2,8.75,8.25,8.5,7.75,7.2
1003396,8.6,7.5,7.25,8.5,8.5,7.8
1003398,6.2,5.5,7.5,6.25,9.5,9.6
1003399,2.2,4,5.75,5.25,6,5.4
1003401,8.2,6,6.75,8,9.25,9
1003403,7.4,3.75,6,6.75,7.5,7.2
1003405,7.2,5,7,6.25,8.25,7.6
1003406,8,7.75,7.75,8.75,8.25,8.8
1003409,6.6,3,6.75,8.5,7.75,8.8
1003410,7.8,3.75,7,7.5,7,8.8
1003413,8.6,6.75,7.25,8,9.25,9.2
1003414,7.2,5,6,5.75,6,2.6
1003415,6.8,3.75,6.5,6.25,6.5,4.6
1003417,6.8,5,7,7.5,8.25,7.2
1003419,7.8,5.5,7.75,8.75,8.5,9
1003421,3.8,4.5,8.25,8,9.5,8.2
1003422,8,4.5,6.5,8.5,7.5,9.6
1003424,8.8,5.75,7.25,8.75,8.75,9.8
1003425,8.2,4.75,5.75,8,8,9.2
1003426,5.6,5,7.5,7.75,7.75,8.8
1003427,6.2,1.25,6.25,4.25,8.25,3.4
1003428,8.4,7.25,7,7.75,9,9.6
1003432,8.6,3.75,7,8,8.5,9.6
1003433,8,7,7.75,8,8.75,9.8
1003434,9,6.75,7.75,7.75,9.75,9.2
1003436,8.2,6.25,6.25,8.25,8.25,9.2
1003437,7.8,2.75,6.75,8,6.25,6.8
1003438,7,5.25,7.25,6.5,8,5.6
1003439,7.6,6,8,8.75,8.5,9.6
1003442,8.2,4.75,6,8,9.25,8.6
1003444,7.8,4.25,7.25,7.75,7,9
1003445,9,6.5,8.25,8.75,9.5,9.8
1003447,8,4.25,7.25,8.25,8,9.6
1003450,6,6.5,8.75,8,7.75,8.2
1003454,7.6,3.25,5.75,7.75,6.5,9
1003455,7.6,6.5,8,7.25,9.25,7.2
1003456,4.6,4.75,5.5,6.5,6.25,3.6
1003457,8.4,4.5,6.25,6.5,7.5,8.6
1003459,7.4,5.5,5.75,7.25,8.25,9.2
1003461,8.2,5.25,6.5,7.5,6.75,9.4
1003462,6.4,3.5,6.5,6.75,9.25,6
1003463,7.6,6.25,4.75,7,8,8.4
1003466,7.8,5,6.25,8.5,8.25,9.4
1003467,7.6,7,7,7.75,8.75,9
1003469,8,6.5,7.75,7.25,9.25,9.2
1003470,4,6.25,6,6,9.25,8
1003472,8.4,6.5,7.5,8.5,9.5,9.4
1003476,8.4,4.75,6,8,8,8.2
1003477,7.6,3.75,6.25,8,7.75,6
1003478,8.6,4.75,6.75,8,9,9.4
1003480,8.6,8.25,7.25,8.5,8.25,8.4
1003482,7.6,3,5.5,8.5,7.25,8.8
1003484,7.4,3.5,7.75,8.5,7,6.4
1003485,7.6,5.5,8,8,8.5,9.2
1003488,5.8,2.5,7.25,6.25,9.25,2.4
1003489,7.2,5.5,8,8,8.5,6
1003490,5.4,2,6.75,7.25,7.75,8.8
1003493,6,3.75,6,8.5,7,8.8
1003494,6,6.25,6.75,8.5,8.5,9.2
1003495,8.2,4.5,7,7.5,9.25,9.6
1003496,4,4.75,6.75,7,8.5,7.8
1003499,8,6.5,6.75,7.75,8.5,9.6
1003500,9,4.75,8.25,8.5,8.5,10
1003504,6.4,3.25,6,6.25,9.25,3.2
1003505,8.2,2.75,6.75,7.25,9.5,8.6
1003508,9,4,6.5,8.25,7.75,9.2
1003509,7.6,6.25,8,8,8.75,9.6
1003510,8.4,3.75,5.25,6.75,8.75,9.8
1003511,5.6,3,6.5,4,7,2.4
1003513,6.4,4,6,7,8.25,8.8
1003514,4,3,4.25,4.75,6.5,6.6
1003516,8.4,4.75,7.5,7.5,9.25,7.8
1003518,7.8,4.5,7.25,8,7.5,8.8
1003520,8.8,7,5.75,8.75,8.25,8.8
1003521,8.4,4.25,6,8,9,9.4
1003523,7.2,4.75,7,8.25,7.25,9
1003524,6.6,3.25,5.25,8.25,8.5,4.8
1003526,8.6,3.75,8,8.5,8.25,8.2
1003527,2.4,4.25,6.75,6.75,8.5,3
1003530,8.8,5.25,6.5,8.75,9.75,9.4
1003531,6.4,4,4.75,7.25,8,4.6
1003534,4.4,2.75,5.25,3.25,5.75,3
1003537,8.4,3.25,7,8,8.25,9.6
1003540,6.4,2.75,5.75,6.5,5.5,3.2
1003541,5.2,3.5,6.75,7.75,8.75,7.6
1003543,3.6,4,4.25,4,4.75,3.2
1003545,8,4.25,6.75,8,8.25,9.4
1003546,6.8,3.75,6.75,7.5,8.75,7.4
1003547,7.2,3.75,6,6.75,6,3.6
1003549,7.6,3.5,7,9,7.5,9.2
1003550,8.2,2.5,4.75,8,8.5,10
1003551,4.8,3.25,5.5,7.75,7.75,5.6
1003552,7.8,3,6,8,6,7.4
1003553,8.4,7.5,7.25,8.25,9,9.2
1003555,7.6,8.5,8.5,7.75,9,9.4
1003557,2.6,3,4.75,5,3.75,2.6
1003560,9,4.25,7.5,8.25,8.75,9.6
1003561,8.4,5.5,7,7.5,9,9.2
1003563,9.2,7.75,7.5,9,9.75,9.6
1003564,7.6,5.25,6.5,8.75,7.5,9.4
1003569,8.4,5,6.75,8,9.25,9.4
1003573,7.2,8,7.25,9.25,8.5,9.6
1003575,9.6,6.25,7.5,8.5,8,9.2
1003576,7.8,6,6.5,8,8.75,9.4
1003578,8.8,7.25,8,7.75,9.75,10
1003580,8.8,4.25,7.25,8.75,7.25,8.8
1003581,5,4,6.75,7,9.25,3.2
1003583,4.6,3.25,5.25,4.25,6.5,5.4
1003587,7.8,2.25,6.5,8.25,8.25,9.2
1003588,8.8,4.5,6.5,8.25,9.75,9.2
1003590,7,6.25,7.5,7.75,9.25,9.8
1003592,8,7.25,7,8,9.25,9.4
1003594,8.8,3.75,7.25,8.25,6.5,9.8
1003595,7.8,6.25,8.25,8.25,8.5,9.6
1003596,7.6,4.75,6.25,6.75,7,9.4
1003598,8.4,8.75,8.75,7.75,10,10
1003599,2.8,2.25,3.5,3.5,4.25,2
1003602,8.6,4,7,8.5,8,9.2
1003605,8.6,3.5,6.5,7,8,9.6
1003606,5.8,3.25,7,7,9.25,4
1003608,8.6,5.5,6.75,5,8.25,10
1003609,6.6,5,6,8,7.75,6.8
1003611,7.6,5,6.5,9,9.5,10
1003613,8,6.5,7,9,8.25,8.6
1003615,8.2,5.5,7,8.5,8.5,9.6
1003616,3.8,3.75,5.75,6.25,8.25,4
1003617,7,2.75,7,2.5,7.75,4.2
1003619,6.8,5.5,7.25,6.25,10,9.4
1003620,7.2,5,5.5,8,8.5,5.4
1003622,8.6,5.25,9.25,8.75,9.5,9.6
1003623,8.4,5.25,7.75,8.5,9.75,9.4
1003625,7.2,3.75,5.75,9,8.5,8.6
1003626,7.8,2.5,6,8.25,6,8
1003627,7.6,7.25,8.25,8.5,9.75,8.2
1003628,8.8,8,8.25,8.5,8.75,9.2
1003629,8.2,4,6.75,7.75,8.25,8.8
1003630,6.2,3.75,6,7.75,9,4.6
1003632,8.4,5.25,9,8,8,9.4
1003634,7.2,5,7.5,8.5,8.75,7.4
1003635,7,7,8.25,7.75,9.25,8.8
1003636,8.4,6.75,8.75,8.25,9,9
1003638,5.8,4.25,6.75,7.5,6.5,4.4
1003639,4.6,3,6.25,5.75,6,7.2
1003641,5.6,5.5,7,6.5,9,7.8
1003642,5.2,4.75,7.75,6.25,8.75,6
1003643,7.8,3.75,6.75,7.5,7.5,8.8
1003644,7.6,6,4.25,7.5,9.5,9
1003646,8,8.25,8,8.75,8.75,8.4
1003647,7.4,5.25,8.25,8.25,9,6.2
1003648,7.2,3.75,6,8.5,7,7.6
1003649,7.2,6,6.75,8.5,6,8.2
1003652,7.6,4.5,6.75,7.25,8.75,8.6
1003653,6.6,5.5,6,7.75,9.25,9
1003654,7.6,4.75,7.5,8.25,7.75,9.2
1003655,8.4,3,6.75,8.5,8,9.2
1003656,8.4,6.75,7,7.5,7.25,8
1003660,8.8,7.5,7,8,9.75,8.8
1003661,8,6.5,7.5,8.5,10,9.2
1003662,7.8,5.5,7,5.75,8.75,8.6
1003665,7.6,4.25,6.5,7,7,8.4
1003666,5.6,7.5,7.25,7,7.75,8.8
1003667,9,5,8,8,8.75,9.2
1003670,4.8,3.75,5,6.5,7,3.8
1003671,7.6,5.25,6.25,6.75,7.5,9.8
1003675,8.2,5,9.25,7.75,9,9
1003676,8.2,2.5,5.5,8.25,7.25,8.4
1003677,8,4.5,6.25,9,8.75,8.6
1003678,5.6,3.75,4.75,7.75,7.5,2.8
1003681,7.2,3.5,5.75,7,8.25,8
1003686,8.2,4.75,7.25,8,7.5,9.2
1003688,8.4,5,6,7.25,8,9.4
1003690,4.4,4.5,7.25,6,7.75,7
1003692,5.4,6.5,6.75,6,9.25,3
1003694,6.6,3.75,6.25,7.5,7.5,7.2
1003697,8.6,4,5.75,8.25,7.25,8.2
1003700,8,7.25,7,7.75,6.5,9
1003704,8.2,5.75,7.25,8.25,8,9.4
1003706,7,3.25,6.25,5.5,8.25,6.8
1003707,8.2,5.5,6.25,8.75,8,9.8
1003710,8,3.75,7.75,9,7.75,9.4
1003716,8,9.25,9.5,9,9.75,6
1003718,7.6,4.25,5.75,6.25,7.75,7.8
1003719,7.4,6,6.25,7.75,9.25,8.8
1003721,5.6,2.5,5.5,5.75,8.75,4
1003722,7.6,5.25,7,7,7.75,9.4
1003723,7,5.75,6,8.5,8.75,6.2
1003724,9,5,8,8.25,8.5,9.6
1003725,7.8,3.75,6.75,8.25,9,8.6
1003726,8.2,5.5,7,7.75,9.25,9
1003727,8.2,5.75,7,7.75,8.75,8
1003728,8.6,4.75,7.5,8,8.5,9.6
1003729,4.8,5.5,6.75,3.75,7,6
1003731,8.4,5.25,8.5,7.75,9.75,9
1003732,9,5.75,6.5,7.75,9,9.2
1003733,7,3.5,6.25,8.25,8.75,8.4
1003734,5.2,2.75,6.5,6.5,8,3.6
1003737,7.6,2.5,7,7.75,8.25,6.2
1003738,7.4,8,9,8.5,10,7.4
1003741,4.8,3,4.5,7,8,3.4
1003742,8.2,4.5,6.5,8.5,8,8.6
1003743,8.6,6.25,8.75,8.75,9,9.6
1003746,7.4,4.5,7,8.75,7.25,8.6
1003748,6.4,2,6.75,7.25,9.75,9.4
1003750,7.4,3.5,7.5,7.5,9.25,9.8
1003751,7.2,3.5,7,6.75,8,8.4
1003752,6.4,5,6.5,8.75,8,7.4
1003753,8.4,8.5,9,8.25,10,9.6
1003755,9,5.25,6.5,7.25,7.75,9.4
1003757,5.2,3,6.5,7.25,8.5,7.4
1003758,5.4,3.5,7.25,6.5,7,3
1003759,6.8,5.25,7.25,7.75,9,8.2
1003760,7.4,6,8,8,8.25,5.2
1003761,8.8,4,7.5,8,8.25,8.6
1003764,7.4,4,6.5,7.75,8.25,8.2
1003765,8.4,3.25,7,8,8.75,8.8
1003766,6.8,4.5,7,7,8.75,4
1003767,7.4,6.25,8.75,7,7.5,9.6
1003771,8.2,4,7,8,9,9.6
1003774,6.6,3.75,6.25,7.75,7.75,3.4
1003775,6.2,2.5,6.25,7,7.75,4
1003776,8.2,4.5,6.25,8.25,7.75,9.2
1003777,6.2,4.25,7,6.75,5.5,5.8
1003778,8,5,7.25,7.25,9.75,6.6
1003780,7.2,5.75,6.25,7.75,8.5,9.6
1003782,4.2,5.25,6,7.5,8,2.8
1003783,7.6,4.75,7,7.5,9.25,4.6
1003787,8,2.75,5.75,8.25,6.5,7.6
1003789,9,5.25,7.75,8.5,9.75,9.6
1003790,6.2,6,6.75,6.5,8.25,9.6
1003792,8.2,4,6.5,8.75,8.25,9.2
1003794,7.8,5.75,7,8,8,8.2
1003799,3.2,4.25,6.75,7.5,7.75,5.2
1003800,4.4,3,6,6.75,8.75,5.4
1003801,8.2,7,7.5,8,8,10
1003803,7.6,7,7.5,7.25,8,9.2
1003805,8.4,6,7.25,8.5,9,9
1003806,8.6,5.25,6.75,8.75,9,9
1003808,8.2,7.25,7.75,8,9.75,9.6
1003809,5.8,3,6.25,7.25,6.75,4.6
1003812,6.4,5.25,8,5.5,7.5,10
1003813,6.2,3.5,6.5,6.5,6.75,6
1003814,8.6,7.75,8,7.75,10,9.8
1003815,5.4,4.75,6.75,7,8.25,7.2
1003816,8.2,5,6,7.75,7.5,9
1003821,7.6,2,5.75,7.25,7.75,8.6
1003823,8.4,4.25,7,7.5,9,7.8
1003825,7.6,5.75,7,6.75,8,4.4
1003830,8.2,5,6.25,8.5,7,7.6
1003831,6.2,1.5,8,7,8,8.4
1003833,7.6,4,6.25,7.5,7,8.2
1003834,5.6,5.5,7.25,7,8.75,8.6
1003835,7.6,3.5,6.5,7.75,7,8.2
1003837,8.2,5.75,8.5,8,9.5,9.8
1003840,7.8,6.5,7,8.5,8.75,8
1003843,8,3.75,8.5,8.75,9.75,9.6
1003844,4.6,2.5,5.5,6.5,6,3
1003845,8.2,7,8.25,8.5,9.25,10
1003846,8.4,8,9,7.75,9.5,10
1003847,9,4.5,6.75,7.75,7,7.8
1003848,7.4,5,6.25,8,8.75,6.8
1003850,7.2,8.75,8,8.5,8.75,8.4
1003851,8,3.25,8.75,7.75,9.25,9
1003852,7.4,8.25,8.5,8,8.75,7.8
1003853,6,5.75,6,8,8,5
1003854,7.6,5.75,7,7.5,9.25,1.8
1003855,7.8,3.5,5.5,8.25,7,8.8
1003859,7.6,5.25,8.25,8,7.5,6.8
1003860,7.8,5,6.75,7.75,8.75,3
1003863,7.2,4.75,5.5,7.75,5.5,7.2
1003866,8,7,7.5,7,8.75,9.6
1003867,7.4,6,8.5,7.75,9,9.6
1003870,8.8,5.5,8,7.5,8.75,8.8
1003873,6.2,4.75,7.25,6.5,9.25,5.8
1003874,7.8,4.5,6.5,7.25,8,5
1003877,8,4,7.25,7.5,6.75,8
1003883,7.4,5.25,6.25,8,8.75,9.4
1003887,6.8,5,7.75,7,8.75,8.6
1003888,8.6,7.75,8.5,8,9.75,9.8
1003890,7.8,3,8.25,8,8.5,8.8
1003894,8.2,7,8.5,8.25,9,9.8
1003895,5.6,4.25,7.5,8,8,6.4
1003897,5.8,6.75,7.75,7,7.5,6.6
1003899,5,4.75,6.75,6.5,9.5,8.8
1003901,8.2,6,6.5,8.5,8.25,8.4
1003902,6.8,3.25,6.5,9.25,9.25,9.6
1003904,8.4,8.25,8.75,8.5,7.5,7.8
1003905,9.2,6.25,6.25,8.75,8.75,9.6
1003908,7.8,8.5,9,8.25,9,9.8
1003910,8.6,4.25,8.5,8.75,9,9.4
1003911,7.4,5.75,8,8.75,10,9.6
1003912,8.4,4.5,7.5,8.5,9,10
1003913,8.4,4.75,6.25,8.25,9,7.8
1003915,7.8,3.75,8,8.5,8.25,9.2
1003916,8.4,5,6.75,8.25,8,9.2
1003918,7.8,4.75,8.5,8.5,8,9.2
1003919,7.2,4.75,5.5,8.75,7.25,9
1003920,8.4,4.25,7.25,8,8,10
1003925,8.4,6.75,8,7.25,9,7.6
1003926,8.4,5.5,6.25,7.75,8.25,8.4
1003928,8.4,3.75,6.75,8,9.25,8.6
1003929,7.6,3.75,5.5,7.25,7,8.2
1003930,7.4,4.25,7,7.5,7.5,8.6
1003931,7.2,5,7.25,6.75,9.75,8.6
1003932,6.8,4.5,7,7,7,4.2
1003933,7.6,9.25,7.75,8.25,9.75,9.4
1003934,8.6,2.75,6,8.5,8,8
1003936,7.8,8.5,9.25,8.5,8.5,7.2
1003938,7.8,6.5,6.25,8,7.75,9.4
1003939,8.2,5.25,8,7,9,8.8
1003940,7.4,4.5,6.25,7.5,8.25,7.2
1003941,7,3,6.25,8.5,8,6.2
1003942,8.4,3.25,6.25,8.75,8.5,8.6
1003943,8.2,5,7.5,8.75,9.75,9.2
1003944,8,8,8.25,8,9,9.6
1003946,7.4,4.25,6.75,8.25,9.25,9
1003947,6.2,2,6.5,6.75,8.5,7
1003948,6.8,2.75,7,6.75,7.5,5.2
1003953,7.4,4.75,7,7.75,8,9.6
1003954,8.2,5.5,7.25,8.5,9.25,9.2
1003955,7.8,4.25,6.25,8.75,9.25,9.8
1003959,8,5,8.5,8,8.75,8.8
1003966,7,4.25,6,8.75,7.75,6.2
1003967,7.2,1.75,7,7,8.5,5
1003968,7.4,6.5,8,6.75,9.75,5.2
1003977,3.8,4.25,6.75,7.5,7.25,6.2
1003978,6.8,7.5,6.25,6.75,9.25,3.6
1003979,6.4,8.5,8.25,7,9.5,8.6
1003981,8.8,7,9.5,7.5,9,9.8
1003982,8.4,6,7.25,7.75,9.25,9.2
1003984,7.6,2.75,6.5,7,7,3.4
1003986,7,4,7,3.75,8.25,2.4
1003989,5.4,8.25,7.5,6.75,8.25,1.4
1003990,5.8,3.5,6.25,7,8.5,7.8
1003991,7.6,5,7,7.5,9,9.2
1003994,8.6,2.25,5.75,7,7.5,7.4
1003995,7.4,5.25,5.5,7.75,8.25,9.4
1003996,7.4,7.25,6.5,7.5,8.75,8.6
1003997,7.2,6.25,6.75,7.25,8.25,9
1003998,8.8,8.75,8.25,8,9,9
1003999,4.8,4.5,6.25,7.25,7.5,4.2
1004000,7,3.5,6.5,8.25,8.75,8.8
1004001,8.4,6.5,9.25,7.75,9.5,9.2
1004004,9,4.75,6.25,8.25,8,9.2
1004005,6.6,4.25,7,6.75,9,6.8
1004006,8.2,4,5.5,7,7.75,9.4
1004010,8.4,5.75,6.75,8.25,7.25,9
1004011,8,7.75,6.25,8,9.25,8.2
1004012,6.4,6,8,7.5,8.25,3.4
1004015,6.6,1.5,6.25,6.5,7.5,3
1004019,7.8,4.25,7.25,8,7.5,9
1004020,8,5.25,6.5,7.75,8,9.4
1004021,6.8,5.25,6.5,6.75,8.25,6.2
1004022,4.4,5.5,8,6,9.25,4.4
1004023,7.4,6.75,6.5,7.5,8,9
1004024,8,9,7,8.5,7.25,8.6
1004025,3.6,2.5,5,2.25,6.75,2.2
1004204,6.4,3.5,5.5,3.75,7,7.8
1004209,8.2,4.5,6.25,7.5,8,9.8
1004211,8.6,7,8.5,9,9.5,9.4
1004212,4.4,3.25,6.25,7,8.75,5.2
1004215,6.4,3.25,6.25,4.75,6.25,4.8
1004217,6.2,5.25,6.75,7.25,7.25,6
1004218,8,4.5,8.25,8.5,7.75,9.2
1004219,8.6,3.25,6.75,8.25,9,9.6
1004222,7.8,4.5,7.25,6.25,8.5,9
1004223,8.2,3.5,6.75,8.25,9.5,9
1004224,4.6,4.5,7,6.5,8,3.4
1004227,8.2,4,7,9,7,9.2
1004228,8.2,4.5,6.25,8.5,7.75,6.8
1004231,7.4,5.75,7.5,7.75,8.5,7.6
1004233,4.4,3.5,4.5,6.5,8.5,3.8
1004235,8.6,4.75,7,8,9.25,9
1004237,7.4,4.5,5.25,7.75,8.5,7.8
1004238,8.2,6.25,6.25,7,9.25,9.4
1004239,7.4,4.75,4.75,7.25,7.5,6
1004240,8,7,8,7.75,9,9.8
1004241,8,4.75,7.25,8,9.25,9.4
1004242,8.6,4.25,7.75,8.5,9,9.6
1004245,4.6,3.75,5.5,4,7.5,2.2
1004246,6.8,4.25,7.75,6.75,8,3.4
1004247,7.2,4.25,7,6.25,8.25,6.6
1004248,8.4,8,8,9,9.25,9.4
1004249,7.4,8.25,7.5,8,9.75,7
1004250,5.6,3.5,5.5,7.5,8.75,8.8
1004251,5.2,4.5,6,7,7.25,5.8
1004252,5.8,1.75,6,5,8.25,2.2
1004254,5.4,3.75,6.75,5.5,7.75,2.4
1004255,7.6,2.75,6.5,8,9.25,9.4
1004256,7,4.75,6,9,7,8.8
1004257,6.6,7.75,9,7.75,8.25,4.2
1004258,6,6.25,5.5,5,7.25,5
1004259,6.6,7.25,8.5,7.75,8.75,9.8
1004260,6.2,5.75,8,7.25,9.75,8.2
1004261,5.6,3.5,5.75,7.25,7.5,3.6
1004262,8.4,8.5,8.25,8,8.25,7
1004263,8.4,7,8.5,8.75,9.75,9.8
1004266,5.4,4,6.5,7.75,7,8.6
1004267,6.4,5.75,7.75,8.5,8.25,9
1004268,7.6,5.5,8.25,8,8,9
1004270,7,5,5.75,7,7.5,9.2
1004271,8.6,8,7.5,8.25,9.5,9.2
1004272,8.6,4,8,8.75,7,8.8
1004273,7.4,5.5,6.75,7,7,8.4
1004274,7.4,4.75,6.75,8.75,7.25,7.8
1004275,7,8,5.75,6.75,7.5,7.4
1004278,8.4,5.75,7,7.75,8.75,9
1004279,4,2.75,4,6,5,3.4
1004280,8.4,5.25,8.25,6.5,9.5,9.6
1004281,7.6,4.5,7,8.25,6.25,6.4
1004282,3.6,2.5,6,6,6.75,3.2
1004283,7,5.25,7.25,7,8.75,9.2
1004285,5.6,3.25,7,7,9,5.8
1004286,6.4,6.5,7.75,7.5,9,4
1004287,6,5.5,7.25,5.5,8.5,2.6
1004288,6,3,5.5,3.25,7.25,3
1004289,7.4,3.25,5.75,8.25,7.25,9
